{
  "v": "5.9.0",
  "fr": 29.9700012207031,
  "ip": 0,
  "op": 71.0000028918893,
  "w": 480,
  "h": 480,
  "nm": "Comp 1",
  "ddd": 0,
  "assets": [
    {
      "id": "comp_0",
      "nm": "Spark",
      "fr": 29.9700012207031,
      "layers": [
        {
          "ddd": 0,
          "ind": 1,
          "ty": 4,
          "nm": "path return line 8",
          "sr": 1,
          "ks": {
            "o": { "a": 0, "k": 100, "ix": 11 },
            "r": { "a": 0, "k": 139, "ix": 10 },
            "p": { "a": 0, "k": [240, 240, 0], "ix": 2, "l": 2 },
            "a": { "a": 0, "k": [0, 0, 0], "ix": 1, "l": 2 },
            "s": { "a": 0, "k": [90, 90, 100], "ix": 6, "l": 2 }
          },
          "ao": 0,
          "shapes": [
            {
              "ty": "gr",
              "it": [
                {
                  "ind": 0,
                  "ty": "sh",
                  "ix": 1,
                  "ks": {
                    "a": 0,
                    "k": {
                      "i": [
                        [0, 0],
                        [0, 0]
                      ],
                      "o": [
                        [0, 0],
                        [0, 0]
                      ],
                      "v": [
                        [7, -4],
                        [140.75, -4]
                      ],
                      "c": false
                    },
                    "ix": 2
                  },
                  "nm": "Path 1",
                  "mn": "ADBE Vector Shape - Group",
                  "hd": false
                },
                {
                  "ty": "st",
                  "c": { "a": 0, "k": [1, 1, 1, 1], "ix": 3 },
                  "o": { "a": 0, "k": 100, "ix": 4 },
                  "w": { "a": 0, "k": 2, "ix": 5 },
                  "lc": 1,
                  "lj": 1,
                  "ml": 4,
                  "bm": 0,
                  "nm": "Stroke 1",
                  "mn": "ADBE Vector Graphic - Stroke",
                  "hd": false
                },
                {
                  "ty": "fl",
                  "c": { "a": 0, "k": [0, 0.4784, 1, 1], "ix": 4 },
                  "o": { "a": 0, "k": 100, "ix": 5 },
                  "r": 1,
                  "bm": 0,
                  "nm": "Fill 1",
                  "mn": "ADBE Vector Graphic - Fill",
                  "hd": false
                },
                {
                  "ty": "tr",
                  "p": { "a": 0, "k": [0, 0], "ix": 2 },
                  "a": { "a": 0, "k": [0, 0], "ix": 1 },
                  "s": { "a": 0, "k": [100, 100], "ix": 3 },
                  "r": { "a": 0, "k": 0, "ix": 6 },
                  "o": { "a": 0, "k": 100, "ix": 7 },
                  "sk": { "a": 0, "k": 0, "ix": 4 },
                  "sa": { "a": 0, "k": 0, "ix": 5 },
                  "nm": "Transform"
                }
              ],
              "nm": "Shape 1",
              "np": 3,
              "cix": 2,
              "bm": 0,
              "ix": 1,
              "mn": "ADBE Vector Group",
              "hd": false
            },
            {
              "ty": "tm",
              "s": {
                "a": 1,
                "k": [
                  {
                    "i": { "x": [0.667], "y": [1] },
                    "o": { "x": [0.333], "y": [0] },
                    "t": 25,
                    "s": [0]
                  },
                  { "t": 47.0000019143492, "s": [100] }
                ],
                "ix": 1
              },
              "e": {
                "a": 1,
                "k": [
                  {
                    "i": { "x": [0.667], "y": [1] },
                    "o": { "x": [0.333], "y": [0] },
                    "t": 30,
                    "s": [0]
                  },
                  { "t": 52.0000021180034, "s": [100] }
                ],
                "ix": 2
              },
              "o": { "a": 0, "k": 0, "ix": 3 },
              "m": 1,
              "ix": 2,
              "nm": "Trim Paths 1",
              "mn": "ADBE Vector Filter - Trim",
              "hd": false
            }
          ],
          "ip": 37.0000015070409,
          "op": 93.0000037879676,
          "st": 3.00000012219251,
          "bm": 0
        },
        {
          "ddd": 0,
          "ind": 2,
          "ty": 4,
          "nm": "path return line 3",
          "sr": 1,
          "ks": {
            "o": { "a": 0, "k": 100, "ix": 11 },
            "r": { "a": 0, "k": 90, "ix": 10 },
            "p": { "a": 0, "k": [240, 240, 0], "ix": 2, "l": 2 },
            "a": { "a": 0, "k": [0, 0, 0], "ix": 1, "l": 2 },
            "s": { "a": 0, "k": [100, 100, 100], "ix": 6, "l": 2 }
          },
          "ao": 0,
          "shapes": [
            {
              "ty": "gr",
              "it": [
                {
                  "ind": 0,
                  "ty": "sh",
                  "ix": 1,
                  "ks": {
                    "a": 0,
                    "k": {
                      "i": [
                        [0, 0],
                        [0, 0]
                      ],
                      "o": [
                        [0, 0],
                        [0, 0]
                      ],
                      "v": [
                        [7, -4],
                        [140.75, -4]
                      ],
                      "c": false
                    },
                    "ix": 2
                  },
                  "nm": "Path 1",
                  "mn": "ADBE Vector Shape - Group",
                  "hd": false
                },
                {
                  "ty": "st",
                  "c": { "a": 0, "k": [1, 1, 1, 1], "ix": 3 },
                  "o": { "a": 0, "k": 100, "ix": 4 },
                  "w": { "a": 0, "k": 2, "ix": 5 },
                  "lc": 1,
                  "lj": 1,
                  "ml": 4,
                  "bm": 0,
                  "nm": "Stroke 1",
                  "mn": "ADBE Vector Graphic - Stroke",
                  "hd": false
                },
                {
                  "ty": "fl",
                  "c": { "a": 0, "k": [0, 0.4784, 1, 1], "ix": 4 },
                  "o": { "a": 0, "k": 100, "ix": 5 },
                  "r": 1,
                  "bm": 0,
                  "nm": "Fill 1",
                  "mn": "ADBE Vector Graphic - Fill",
                  "hd": false
                },
                {
                  "ty": "tr",
                  "p": { "a": 0, "k": [0, 0], "ix": 2 },
                  "a": { "a": 0, "k": [0, 0], "ix": 1 },
                  "s": { "a": 0, "k": [100, 100], "ix": 3 },
                  "r": { "a": 0, "k": 0, "ix": 6 },
                  "o": { "a": 0, "k": 100, "ix": 7 },
                  "sk": { "a": 0, "k": 0, "ix": 4 },
                  "sa": { "a": 0, "k": 0, "ix": 5 },
                  "nm": "Transform"
                }
              ],
              "nm": "Shape 1",
              "np": 3,
              "cix": 2,
              "bm": 0,
              "ix": 1,
              "mn": "ADBE Vector Group",
              "hd": false
            },
            {
              "ty": "tm",
              "s": {
                "a": 1,
                "k": [
                  {
                    "i": { "x": [0.667], "y": [1] },
                    "o": { "x": [0.333], "y": [0] },
                    "t": 22,
                    "s": [0]
                  },
                  { "t": 44.0000017921567, "s": [100] }
                ],
                "ix": 1
              },
              "e": {
                "a": 1,
                "k": [
                  {
                    "i": { "x": [0.667], "y": [1] },
                    "o": { "x": [0.333], "y": [0] },
                    "t": 27,
                    "s": [0]
                  },
                  { "t": 49.0000019958109, "s": [100] }
                ],
                "ix": 2
              },
              "o": { "a": 0, "k": 0, "ix": 3 },
              "m": 1,
              "ix": 2,
              "nm": "Trim Paths 1",
              "mn": "ADBE Vector Filter - Trim",
              "hd": false
            }
          ],
          "ip": 34.0000013848484,
          "op": 90.0000036657751,
          "st": 0,
          "bm": 0
        },
        {
          "ddd": 0,
          "ind": 3,
          "ty": 4,
          "nm": "path return line 7",
          "sr": 1,
          "ks": {
            "o": { "a": 0, "k": 100, "ix": 11 },
            "r": { "a": 0, "k": 229, "ix": 10 },
            "p": { "a": 0, "k": [240, 240, 0], "ix": 2, "l": 2 },
            "a": { "a": 0, "k": [0, 0, 0], "ix": 1, "l": 2 },
            "s": { "a": 0, "k": [90, 90, 100], "ix": 6, "l": 2 }
          },
          "ao": 0,
          "shapes": [
            {
              "ty": "gr",
              "it": [
                {
                  "ind": 0,
                  "ty": "sh",
                  "ix": 1,
                  "ks": {
                    "a": 0,
                    "k": {
                      "i": [
                        [0, 0],
                        [0, 0]
                      ],
                      "o": [
                        [0, 0],
                        [0, 0]
                      ],
                      "v": [
                        [7, -4],
                        [140.75, -4]
                      ],
                      "c": false
                    },
                    "ix": 2
                  },
                  "nm": "Path 1",
                  "mn": "ADBE Vector Shape - Group",
                  "hd": false
                },
                {
                  "ty": "st",
                  "c": { "a": 0, "k": [1, 1, 1, 1], "ix": 3 },
                  "o": { "a": 0, "k": 100, "ix": 4 },
                  "w": { "a": 0, "k": 2, "ix": 5 },
                  "lc": 1,
                  "lj": 1,
                  "ml": 4,
                  "bm": 0,
                  "nm": "Stroke 1",
                  "mn": "ADBE Vector Graphic - Stroke",
                  "hd": false
                },
                {
                  "ty": "fl",
                  "c": { "a": 0, "k": [0, 0.4784, 1, 1], "ix": 4 },
                  "o": { "a": 0, "k": 100, "ix": 5 },
                  "r": 1,
                  "bm": 0,
                  "nm": "Fill 1",
                  "mn": "ADBE Vector Graphic - Fill",
                  "hd": false
                },
                {
                  "ty": "tr",
                  "p": { "a": 0, "k": [0, 0], "ix": 2 },
                  "a": { "a": 0, "k": [0, 0], "ix": 1 },
                  "s": { "a": 0, "k": [100, 100], "ix": 3 },
                  "r": { "a": 0, "k": 0, "ix": 6 },
                  "o": { "a": 0, "k": 100, "ix": 7 },
                  "sk": { "a": 0, "k": 0, "ix": 4 },
                  "sa": { "a": 0, "k": 0, "ix": 5 },
                  "nm": "Transform"
                }
              ],
              "nm": "Shape 1",
              "np": 3,
              "cix": 2,
              "bm": 0,
              "ix": 1,
              "mn": "ADBE Vector Group",
              "hd": false
            },
            {
              "ty": "tm",
              "s": {
                "a": 1,
                "k": [
                  {
                    "i": { "x": [0.667], "y": [1] },
                    "o": { "x": [0.333], "y": [0] },
                    "t": 25,
                    "s": [0]
                  },
                  { "t": 47.0000019143492, "s": [100] }
                ],
                "ix": 1
              },
              "e": {
                "a": 1,
                "k": [
                  {
                    "i": { "x": [0.667], "y": [1] },
                    "o": { "x": [0.333], "y": [0] },
                    "t": 30,
                    "s": [0]
                  },
                  { "t": 52.0000021180034, "s": [100] }
                ],
                "ix": 2
              },
              "o": { "a": 0, "k": 0, "ix": 3 },
              "m": 1,
              "ix": 2,
              "nm": "Trim Paths 1",
              "mn": "ADBE Vector Filter - Trim",
              "hd": false
            }
          ],
          "ip": 37.0000015070409,
          "op": 93.0000037879676,
          "st": 3.00000012219251,
          "bm": 0
        },
        {
          "ddd": 0,
          "ind": 4,
          "ty": 4,
          "nm": "path return line 4",
          "sr": 1,
          "ks": {
            "o": { "a": 0, "k": 100, "ix": 11 },
            "r": { "a": 0, "k": 180, "ix": 10 },
            "p": { "a": 0, "k": [240, 240, 0], "ix": 2, "l": 2 },
            "a": { "a": 0, "k": [0, 0, 0], "ix": 1, "l": 2 },
            "s": { "a": 0, "k": [100, 100, 100], "ix": 6, "l": 2 }
          },
          "ao": 0,
          "shapes": [
            {
              "ty": "gr",
              "it": [
                {
                  "ind": 0,
                  "ty": "sh",
                  "ix": 1,
                  "ks": {
                    "a": 0,
                    "k": {
                      "i": [
                        [0, 0],
                        [0, 0]
                      ],
                      "o": [
                        [0, 0],
                        [0, 0]
                      ],
                      "v": [
                        [7, -4],
                        [140.75, -4]
                      ],
                      "c": false
                    },
                    "ix": 2
                  },
                  "nm": "Path 1",
                  "mn": "ADBE Vector Shape - Group",
                  "hd": false
                },
                {
                  "ty": "st",
                  "c": { "a": 0, "k": [1, 1, 1, 1], "ix": 3 },
                  "o": { "a": 0, "k": 100, "ix": 4 },
                  "w": { "a": 0, "k": 2, "ix": 5 },
                  "lc": 1,
                  "lj": 1,
                  "ml": 4,
                  "bm": 0,
                  "nm": "Stroke 1",
                  "mn": "ADBE Vector Graphic - Stroke",
                  "hd": false
                },
                {
                  "ty": "fl",
                  "c": { "a": 0, "k": [0, 0.4784, 1, 1], "ix": 4 },
                  "o": { "a": 0, "k": 100, "ix": 5 },
                  "r": 1,
                  "bm": 0,
                  "nm": "Fill 1",
                  "mn": "ADBE Vector Graphic - Fill",
                  "hd": false
                },
                {
                  "ty": "tr",
                  "p": { "a": 0, "k": [0, 0], "ix": 2 },
                  "a": { "a": 0, "k": [0, 0], "ix": 1 },
                  "s": { "a": 0, "k": [100, 100], "ix": 3 },
                  "r": { "a": 0, "k": 0, "ix": 6 },
                  "o": { "a": 0, "k": 100, "ix": 7 },
                  "sk": { "a": 0, "k": 0, "ix": 4 },
                  "sa": { "a": 0, "k": 0, "ix": 5 },
                  "nm": "Transform"
                }
              ],
              "nm": "Shape 1",
              "np": 3,
              "cix": 2,
              "bm": 0,
              "ix": 1,
              "mn": "ADBE Vector Group",
              "hd": false
            },
            {
              "ty": "tm",
              "s": {
                "a": 1,
                "k": [
                  {
                    "i": { "x": [0.667], "y": [1] },
                    "o": { "x": [0.333], "y": [0] },
                    "t": 22,
                    "s": [0]
                  },
                  { "t": 44.0000017921567, "s": [100] }
                ],
                "ix": 1
              },
              "e": {
                "a": 1,
                "k": [
                  {
                    "i": { "x": [0.667], "y": [1] },
                    "o": { "x": [0.333], "y": [0] },
                    "t": 27,
                    "s": [0]
                  },
                  { "t": 49.0000019958109, "s": [100] }
                ],
                "ix": 2
              },
              "o": { "a": 0, "k": 0, "ix": 3 },
              "m": 1,
              "ix": 2,
              "nm": "Trim Paths 1",
              "mn": "ADBE Vector Filter - Trim",
              "hd": false
            }
          ],
          "ip": 34.0000013848484,
          "op": 90.0000036657751,
          "st": 0,
          "bm": 0
        },
        {
          "ddd": 0,
          "ind": 5,
          "ty": 4,
          "nm": "path return line 6",
          "sr": 1,
          "ks": {
            "o": { "a": 0, "k": 100, "ix": 11 },
            "r": { "a": 0, "k": 319, "ix": 10 },
            "p": { "a": 0, "k": [240, 240, 0], "ix": 2, "l": 2 },
            "a": { "a": 0, "k": [0, 0, 0], "ix": 1, "l": 2 },
            "s": { "a": 0, "k": [90, 90, 100], "ix": 6, "l": 2 }
          },
          "ao": 0,
          "shapes": [
            {
              "ty": "gr",
              "it": [
                {
                  "ind": 0,
                  "ty": "sh",
                  "ix": 1,
                  "ks": {
                    "a": 0,
                    "k": {
                      "i": [
                        [0, 0],
                        [0, 0]
                      ],
                      "o": [
                        [0, 0],
                        [0, 0]
                      ],
                      "v": [
                        [7, -4],
                        [140.75, -4]
                      ],
                      "c": false
                    },
                    "ix": 2
                  },
                  "nm": "Path 1",
                  "mn": "ADBE Vector Shape - Group",
                  "hd": false
                },
                {
                  "ty": "st",
                  "c": { "a": 0, "k": [1, 1, 1, 1], "ix": 3 },
                  "o": { "a": 0, "k": 100, "ix": 4 },
                  "w": { "a": 0, "k": 2, "ix": 5 },
                  "lc": 1,
                  "lj": 1,
                  "ml": 4,
                  "bm": 0,
                  "nm": "Stroke 1",
                  "mn": "ADBE Vector Graphic - Stroke",
                  "hd": false
                },
                {
                  "ty": "fl",
                  "c": { "a": 0, "k": [0, 0.4784, 1, 1], "ix": 4 },
                  "o": { "a": 0, "k": 100, "ix": 5 },
                  "r": 1,
                  "bm": 0,
                  "nm": "Fill 1",
                  "mn": "ADBE Vector Graphic - Fill",
                  "hd": false
                },
                {
                  "ty": "tr",
                  "p": { "a": 0, "k": [0, 0], "ix": 2 },
                  "a": { "a": 0, "k": [0, 0], "ix": 1 },
                  "s": { "a": 0, "k": [100, 100], "ix": 3 },
                  "r": { "a": 0, "k": 0, "ix": 6 },
                  "o": { "a": 0, "k": 100, "ix": 7 },
                  "sk": { "a": 0, "k": 0, "ix": 4 },
                  "sa": { "a": 0, "k": 0, "ix": 5 },
                  "nm": "Transform"
                }
              ],
              "nm": "Shape 1",
              "np": 3,
              "cix": 2,
              "bm": 0,
              "ix": 1,
              "mn": "ADBE Vector Group",
              "hd": false
            },
            {
              "ty": "tm",
              "s": {
                "a": 1,
                "k": [
                  {
                    "i": { "x": [0.667], "y": [1] },
                    "o": { "x": [0.333], "y": [0] },
                    "t": 25,
                    "s": [0]
                  },
                  { "t": 47.0000019143492, "s": [100] }
                ],
                "ix": 1
              },
              "e": {
                "a": 1,
                "k": [
                  {
                    "i": { "x": [0.667], "y": [1] },
                    "o": { "x": [0.333], "y": [0] },
                    "t": 30,
                    "s": [0]
                  },
                  { "t": 52.0000021180034, "s": [100] }
                ],
                "ix": 2
              },
              "o": { "a": 0, "k": 0, "ix": 3 },
              "m": 1,
              "ix": 2,
              "nm": "Trim Paths 1",
              "mn": "ADBE Vector Filter - Trim",
              "hd": false
            }
          ],
          "ip": 37.0000015070409,
          "op": 93.0000037879676,
          "st": 3.00000012219251,
          "bm": 0
        },
        {
          "ddd": 0,
          "ind": 6,
          "ty": 4,
          "nm": "path return line 2",
          "sr": 1,
          "ks": {
            "o": { "a": 0, "k": 100, "ix": 11 },
            "r": { "a": 0, "k": 270, "ix": 10 },
            "p": { "a": 0, "k": [240, 240, 0], "ix": 2, "l": 2 },
            "a": { "a": 0, "k": [0, 0, 0], "ix": 1, "l": 2 },
            "s": { "a": 0, "k": [100, 100, 100], "ix": 6, "l": 2 }
          },
          "ao": 0,
          "shapes": [
            {
              "ty": "gr",
              "it": [
                {
                  "ind": 0,
                  "ty": "sh",
                  "ix": 1,
                  "ks": {
                    "a": 0,
                    "k": {
                      "i": [
                        [0, 0],
                        [0, 0]
                      ],
                      "o": [
                        [0, 0],
                        [0, 0]
                      ],
                      "v": [
                        [7, -4],
                        [140.75, -4]
                      ],
                      "c": false
                    },
                    "ix": 2
                  },
                  "nm": "Path 1",
                  "mn": "ADBE Vector Shape - Group",
                  "hd": false
                },
                {
                  "ty": "st",
                  "c": { "a": 0, "k": [1, 1, 1, 1], "ix": 3 },
                  "o": { "a": 0, "k": 100, "ix": 4 },
                  "w": { "a": 0, "k": 2, "ix": 5 },
                  "lc": 1,
                  "lj": 1,
                  "ml": 4,
                  "bm": 0,
                  "nm": "Stroke 1",
                  "mn": "ADBE Vector Graphic - Stroke",
                  "hd": false
                },
                {
                  "ty": "fl",
                  "c": { "a": 0, "k": [0, 0.4784, 1, 1], "ix": 4 },
                  "o": { "a": 0, "k": 100, "ix": 5 },
                  "r": 1,
                  "bm": 0,
                  "nm": "Fill 1",
                  "mn": "ADBE Vector Graphic - Fill",
                  "hd": false
                },
                {
                  "ty": "tr",
                  "p": { "a": 0, "k": [0, 0], "ix": 2 },
                  "a": { "a": 0, "k": [0, 0], "ix": 1 },
                  "s": { "a": 0, "k": [100, 100], "ix": 3 },
                  "r": { "a": 0, "k": 0, "ix": 6 },
                  "o": { "a": 0, "k": 100, "ix": 7 },
                  "sk": { "a": 0, "k": 0, "ix": 4 },
                  "sa": { "a": 0, "k": 0, "ix": 5 },
                  "nm": "Transform"
                }
              ],
              "nm": "Shape 1",
              "np": 3,
              "cix": 2,
              "bm": 0,
              "ix": 1,
              "mn": "ADBE Vector Group",
              "hd": false
            },
            {
              "ty": "tm",
              "s": {
                "a": 1,
                "k": [
                  {
                    "i": { "x": [0.667], "y": [1] },
                    "o": { "x": [0.333], "y": [0] },
                    "t": 22,
                    "s": [0]
                  },
                  { "t": 44.0000017921567, "s": [100] }
                ],
                "ix": 1
              },
              "e": {
                "a": 1,
                "k": [
                  {
                    "i": { "x": [0.667], "y": [1] },
                    "o": { "x": [0.333], "y": [0] },
                    "t": 27,
                    "s": [0]
                  },
                  { "t": 49.0000019958109, "s": [100] }
                ],
                "ix": 2
              },
              "o": { "a": 0, "k": 0, "ix": 3 },
              "m": 1,
              "ix": 2,
              "nm": "Trim Paths 1",
              "mn": "ADBE Vector Filter - Trim",
              "hd": false
            }
          ],
          "ip": 34.0000013848484,
          "op": 90.0000036657751,
          "st": 0,
          "bm": 0
        },
        {
          "ddd": 0,
          "ind": 7,
          "ty": 4,
          "nm": "path return line 5",
          "sr": 1,
          "ks": {
            "o": { "a": 0, "k": 100, "ix": 11 },
            "r": { "a": 0, "k": 49, "ix": 10 },
            "p": { "a": 0, "k": [240, 240, 0], "ix": 2, "l": 2 },
            "a": { "a": 0, "k": [0, 0, 0], "ix": 1, "l": 2 },
            "s": { "a": 0, "k": [90, 90, 100], "ix": 6, "l": 2 }
          },
          "ao": 0,
          "shapes": [
            {
              "ty": "gr",
              "it": [
                {
                  "ind": 0,
                  "ty": "sh",
                  "ix": 1,
                  "ks": {
                    "a": 0,
                    "k": {
                      "i": [
                        [0, 0],
                        [0, 0]
                      ],
                      "o": [
                        [0, 0],
                        [0, 0]
                      ],
                      "v": [
                        [7, -4],
                        [140.75, -4]
                      ],
                      "c": false
                    },
                    "ix": 2
                  },
                  "nm": "Path 1",
                  "mn": "ADBE Vector Shape - Group",
                  "hd": false
                },
                {
                  "ty": "st",
                  "c": { "a": 0, "k": [1, 1, 1, 1], "ix": 3 },
                  "o": { "a": 0, "k": 100, "ix": 4 },
                  "w": { "a": 0, "k": 2, "ix": 5 },
                  "lc": 1,
                  "lj": 1,
                  "ml": 4,
                  "bm": 0,
                  "nm": "Stroke 1",
                  "mn": "ADBE Vector Graphic - Stroke",
                  "hd": false
                },
                {
                  "ty": "fl",
                  "c": { "a": 0, "k": [0, 0.4784, 1, 1], "ix": 4 },
                  "o": { "a": 0, "k": 100, "ix": 5 },
                  "r": 1,
                  "bm": 0,
                  "nm": "Fill 1",
                  "mn": "ADBE Vector Graphic - Fill",
                  "hd": false
                },
                {
                  "ty": "tr",
                  "p": { "a": 0, "k": [0, 0], "ix": 2 },
                  "a": { "a": 0, "k": [0, 0], "ix": 1 },
                  "s": { "a": 0, "k": [100, 100], "ix": 3 },
                  "r": { "a": 0, "k": 0, "ix": 6 },
                  "o": { "a": 0, "k": 100, "ix": 7 },
                  "sk": { "a": 0, "k": 0, "ix": 4 },
                  "sa": { "a": 0, "k": 0, "ix": 5 },
                  "nm": "Transform"
                }
              ],
              "nm": "Shape 1",
              "np": 3,
              "cix": 2,
              "bm": 0,
              "ix": 1,
              "mn": "ADBE Vector Group",
              "hd": false
            },
            {
              "ty": "tm",
              "s": {
                "a": 1,
                "k": [
                  {
                    "i": { "x": [0.667], "y": [1] },
                    "o": { "x": [0.333], "y": [0] },
                    "t": 25,
                    "s": [0]
                  },
                  { "t": 47.0000019143492, "s": [100] }
                ],
                "ix": 1
              },
              "e": {
                "a": 1,
                "k": [
                  {
                    "i": { "x": [0.667], "y": [1] },
                    "o": { "x": [0.333], "y": [0] },
                    "t": 30,
                    "s": [0]
                  },
                  { "t": 52.0000021180034, "s": [100] }
                ],
                "ix": 2
              },
              "o": { "a": 0, "k": 0, "ix": 3 },
              "m": 1,
              "ix": 2,
              "nm": "Trim Paths 1",
              "mn": "ADBE Vector Filter - Trim",
              "hd": false
            }
          ],
          "ip": 37.0000015070409,
          "op": 93.0000037879676,
          "st": 3.00000012219251,
          "bm": 0
        },
        {
          "ddd": 0,
          "ind": 8,
          "ty": 4,
          "nm": "path return line",
          "sr": 1,
          "ks": {
            "o": { "a": 0, "k": 100, "ix": 11 },
            "r": { "a": 0, "k": 0, "ix": 10 },
            "p": { "a": 0, "k": [240, 240, 0], "ix": 2, "l": 2 },
            "a": { "a": 0, "k": [0, 0, 0], "ix": 1, "l": 2 },
            "s": { "a": 0, "k": [100, 100, 100], "ix": 6, "l": 2 }
          },
          "ao": 0,
          "shapes": [
            {
              "ty": "gr",
              "it": [
                {
                  "ind": 0,
                  "ty": "sh",
                  "ix": 1,
                  "ks": {
                    "a": 0,
                    "k": {
                      "i": [
                        [0, 0],
                        [0, 0]
                      ],
                      "o": [
                        [0, 0],
                        [0, 0]
                      ],
                      "v": [
                        [7, -4],
                        [140.75, -4]
                      ],
                      "c": false
                    },
                    "ix": 2
                  },
                  "nm": "Path 1",
                  "mn": "ADBE Vector Shape - Group",
                  "hd": false
                },
                {
                  "ty": "st",
                  "c": { "a": 0, "k": [1, 1, 1, 1], "ix": 3 },
                  "o": { "a": 0, "k": 100, "ix": 4 },
                  "w": { "a": 0, "k": 2, "ix": 5 },
                  "lc": 1,
                  "lj": 1,
                  "ml": 4,
                  "bm": 0,
                  "nm": "Stroke 1",
                  "mn": "ADBE Vector Graphic - Stroke",
                  "hd": false
                },
                {
                  "ty": "fl",
                  "c": { "a": 0, "k": [0, 0.4784, 1, 1], "ix": 4 },
                  "o": { "a": 0, "k": 100, "ix": 5 },
                  "r": 1,
                  "bm": 0,
                  "nm": "Fill 1",
                  "mn": "ADBE Vector Graphic - Fill",
                  "hd": false
                },
                {
                  "ty": "tr",
                  "p": { "a": 0, "k": [0, 0], "ix": 2 },
                  "a": { "a": 0, "k": [0, 0], "ix": 1 },
                  "s": { "a": 0, "k": [100, 100], "ix": 3 },
                  "r": { "a": 0, "k": 0, "ix": 6 },
                  "o": { "a": 0, "k": 100, "ix": 7 },
                  "sk": { "a": 0, "k": 0, "ix": 4 },
                  "sa": { "a": 0, "k": 0, "ix": 5 },
                  "nm": "Transform"
                }
              ],
              "nm": "Shape 1",
              "np": 3,
              "cix": 2,
              "bm": 0,
              "ix": 1,
              "mn": "ADBE Vector Group",
              "hd": false
            },
            {
              "ty": "tm",
              "s": {
                "a": 1,
                "k": [
                  {
                    "i": { "x": [0.667], "y": [1] },
                    "o": { "x": [0.333], "y": [0] },
                    "t": 22,
                    "s": [0]
                  },
                  { "t": 44.0000017921567, "s": [100] }
                ],
                "ix": 1
              },
              "e": {
                "a": 1,
                "k": [
                  {
                    "i": { "x": [0.667], "y": [1] },
                    "o": { "x": [0.333], "y": [0] },
                    "t": 27,
                    "s": [0]
                  },
                  { "t": 49.0000019958109, "s": [100] }
                ],
                "ix": 2
              },
              "o": { "a": 0, "k": 0, "ix": 3 },
              "m": 1,
              "ix": 2,
              "nm": "Trim Paths 1",
              "mn": "ADBE Vector Filter - Trim",
              "hd": false
            }
          ],
          "ip": 34.0000013848484,
          "op": 90.0000036657751,
          "st": 0,
          "bm": 0
        }
      ]
    },
    {
      "id": "comp_1",
      "nm": "star1",
      "fr": 29.9700012207031,
      "layers": [
        {
          "ddd": 0,
          "ind": 2,
          "ty": 4,
          "nm": "Path star 4",
          "sr": 1,
          "ks": {
            "o": { "a": 0, "k": 100, "ix": 11 },
            "r": { "a": 0, "k": 90, "ix": 10 },
            "p": { "a": 0, "k": [401, 96.344, 0], "ix": 2, "l": 2 },
            "a": { "a": 0, "k": [161, -137.656, 0], "ix": 1, "l": 2 },
            "s": { "a": 0, "k": [100, 100, 100], "ix": 6, "l": 2 }
          },
          "ao": 0,
          "shapes": [
            {
              "ty": "gr",
              "it": [
                {
                  "ind": 0,
                  "ty": "sh",
                  "ix": 1,
                  "ks": {
                    "a": 0,
                    "k": {
                      "i": [
                        [0, 0],
                        [0, 0]
                      ],
                      "o": [
                        [0, 0],
                        [0, 0]
                      ],
                      "v": [
                        [160.5, -140],
                        [160.5, -170]
                      ],
                      "c": false
                    },
                    "ix": 2
                  },
                  "nm": "Path 1",
                  "mn": "ADBE Vector Shape - Group",
                  "hd": false
                },
                {
                  "ty": "tm",
                  "s": {
                    "a": 1,
                    "k": [
                      {
                        "i": { "x": [0.667], "y": [1] },
                        "o": { "x": [0.333], "y": [0] },
                        "t": 25,
                        "s": [0]
                      },
                      { "t": 37.0000015070409, "s": [100] }
                    ],
                    "ix": 1
                  },
                  "e": {
                    "a": 1,
                    "k": [
                      {
                        "i": { "x": [0.667], "y": [1] },
                        "o": { "x": [0.333], "y": [0] },
                        "t": 20,
                        "s": [0]
                      },
                      { "t": 29.0000011811942, "s": [100] }
                    ],
                    "ix": 2
                  },
                  "o": { "a": 0, "k": 0, "ix": 3 },
                  "m": 1,
                  "ix": 2,
                  "nm": "Trim Paths 1",
                  "mn": "ADBE Vector Filter - Trim",
                  "hd": false
                },
                {
                  "ty": "st",
                  "c": { "a": 0, "k": [0.256, 0.3952, 0.544, 1], "ix": 3 },
                  "o": { "a": 0, "k": 100, "ix": 4 },
                  "w": {
                    "a": 1,
                    "k": [
                      {
                        "i": { "x": [0.833], "y": [0.833] },
                        "o": { "x": [0.167], "y": [0.167] },
                        "t": 25,
                        "s": [6]
                      },
                      { "t": 45.0000018328876, "s": [0] }
                    ],
                    "ix": 5
                  },
                  "lc": 2,
                  "lj": 1,
                  "ml": 4,
                  "bm": 0,
                  "nm": "Stroke 1",
                  "mn": "ADBE Vector Graphic - Stroke",
                  "hd": false
                },
                {
                  "ty": "tr",
                  "p": { "a": 0, "k": [0, 0], "ix": 2 },
                  "a": { "a": 0, "k": [0, 0], "ix": 1 },
                  "s": { "a": 0, "k": [100, 100], "ix": 3 },
                  "r": { "a": 0, "k": 0, "ix": 6 },
                  "o": { "a": 0, "k": 100, "ix": 7 },
                  "sk": { "a": 0, "k": 0, "ix": 4 },
                  "sa": { "a": 0, "k": 0, "ix": 5 },
                  "nm": "Transform"
                }
              ],
              "nm": "Shape 1",
              "np": 4,
              "cix": 2,
              "bm": 0,
              "ix": 1,
              "mn": "ADBE Vector Group",
              "hd": false
            }
          ],
          "ip": 25.0000010182709,
          "op": 900.000036657751,
          "st": 0,
          "bm": 0
        },
        {
          "ddd": 0,
          "ind": 3,
          "ty": 4,
          "nm": "Path star 5",
          "sr": 1,
          "ks": {
            "o": { "a": 0, "k": 100, "ix": 11 },
            "r": { "a": 0, "k": 180, "ix": 10 },
            "p": { "a": 0, "k": [401, 96.344, 0], "ix": 2, "l": 2 },
            "a": { "a": 0, "k": [161, -137.656, 0], "ix": 1, "l": 2 },
            "s": { "a": 0, "k": [100, 100, 100], "ix": 6, "l": 2 }
          },
          "ao": 0,
          "shapes": [
            {
              "ty": "gr",
              "it": [
                {
                  "ind": 0,
                  "ty": "sh",
                  "ix": 1,
                  "ks": {
                    "a": 0,
                    "k": {
                      "i": [
                        [0, 0],
                        [0, 0]
                      ],
                      "o": [
                        [0, 0],
                        [0, 0]
                      ],
                      "v": [
                        [160.5, -140],
                        [160.5, -170]
                      ],
                      "c": false
                    },
                    "ix": 2
                  },
                  "nm": "Path 1",
                  "mn": "ADBE Vector Shape - Group",
                  "hd": false
                },
                {
                  "ty": "tm",
                  "s": {
                    "a": 1,
                    "k": [
                      {
                        "i": { "x": [0.667], "y": [1] },
                        "o": { "x": [0.333], "y": [0] },
                        "t": 25,
                        "s": [0]
                      },
                      { "t": 37.0000015070409, "s": [100] }
                    ],
                    "ix": 1
                  },
                  "e": {
                    "a": 1,
                    "k": [
                      {
                        "i": { "x": [0.667], "y": [1] },
                        "o": { "x": [0.333], "y": [0] },
                        "t": 20,
                        "s": [0]
                      },
                      { "t": 29.0000011811942, "s": [100] }
                    ],
                    "ix": 2
                  },
                  "o": { "a": 0, "k": 0, "ix": 3 },
                  "m": 1,
                  "ix": 2,
                  "nm": "Trim Paths 1",
                  "mn": "ADBE Vector Filter - Trim",
                  "hd": false
                },
                {
                  "ty": "st",
                  "c": { "a": 0, "k": [0.256, 0.3952, 0.544, 1], "ix": 3 },
                  "o": { "a": 0, "k": 100, "ix": 4 },
                  "w": {
                    "a": 1,
                    "k": [
                      {
                        "i": { "x": [0.833], "y": [0.833] },
                        "o": { "x": [0.167], "y": [0.167] },
                        "t": 25,
                        "s": [6]
                      },
                      { "t": 45.0000018328876, "s": [0] }
                    ],
                    "ix": 5
                  },
                  "lc": 2,
                  "lj": 1,
                  "ml": 4,
                  "bm": 0,
                  "nm": "Stroke 1",
                  "mn": "ADBE Vector Graphic - Stroke",
                  "hd": false
                },
                {
                  "ty": "tr",
                  "p": { "a": 0, "k": [0, 0], "ix": 2 },
                  "a": { "a": 0, "k": [0, 0], "ix": 1 },
                  "s": { "a": 0, "k": [100, 100], "ix": 3 },
                  "r": { "a": 0, "k": 0, "ix": 6 },
                  "o": { "a": 0, "k": 100, "ix": 7 },
                  "sk": { "a": 0, "k": 0, "ix": 4 },
                  "sa": { "a": 0, "k": 0, "ix": 5 },
                  "nm": "Transform"
                }
              ],
              "nm": "Shape 1",
              "np": 4,
              "cix": 2,
              "bm": 0,
              "ix": 1,
              "mn": "ADBE Vector Group",
              "hd": false
            }
          ],
          "ip": 25.0000010182709,
          "op": 900.000036657751,
          "st": 0,
          "bm": 0
        },
        {
          "ddd": 0,
          "ind": 4,
          "ty": 4,
          "nm": "Path star 6",
          "sr": 1,
          "ks": {
            "o": { "a": 0, "k": 100, "ix": 11 },
            "r": { "a": 0, "k": 270, "ix": 10 },
            "p": { "a": 0, "k": [401, 96.344, 0], "ix": 2, "l": 2 },
            "a": { "a": 0, "k": [161, -137.656, 0], "ix": 1, "l": 2 },
            "s": { "a": 0, "k": [100, 100, 100], "ix": 6, "l": 2 }
          },
          "ao": 0,
          "shapes": [
            {
              "ty": "gr",
              "it": [
                {
                  "ind": 0,
                  "ty": "sh",
                  "ix": 1,
                  "ks": {
                    "a": 0,
                    "k": {
                      "i": [
                        [0, 0],
                        [0, 0]
                      ],
                      "o": [
                        [0, 0],
                        [0, 0]
                      ],
                      "v": [
                        [160.5, -140],
                        [160.5, -170]
                      ],
                      "c": false
                    },
                    "ix": 2
                  },
                  "nm": "Path 1",
                  "mn": "ADBE Vector Shape - Group",
                  "hd": false
                },
                {
                  "ty": "tm",
                  "s": {
                    "a": 1,
                    "k": [
                      {
                        "i": { "x": [0.667], "y": [1] },
                        "o": { "x": [0.333], "y": [0] },
                        "t": 25,
                        "s": [0]
                      },
                      { "t": 37.0000015070409, "s": [100] }
                    ],
                    "ix": 1
                  },
                  "e": {
                    "a": 1,
                    "k": [
                      {
                        "i": { "x": [0.667], "y": [1] },
                        "o": { "x": [0.333], "y": [0] },
                        "t": 20,
                        "s": [0]
                      },
                      { "t": 29.0000011811942, "s": [100] }
                    ],
                    "ix": 2
                  },
                  "o": { "a": 0, "k": 0, "ix": 3 },
                  "m": 1,
                  "ix": 2,
                  "nm": "Trim Paths 1",
                  "mn": "ADBE Vector Filter - Trim",
                  "hd": false
                },
                {
                  "ty": "st",
                  "c": { "a": 0, "k": [0.256, 0.3952, 0.544, 1], "ix": 3 },
                  "o": { "a": 0, "k": 100, "ix": 4 },
                  "w": {
                    "a": 1,
                    "k": [
                      {
                        "i": { "x": [0.833], "y": [0.833] },
                        "o": { "x": [0.167], "y": [0.167] },
                        "t": 25,
                        "s": [6]
                      },
                      { "t": 45.0000018328876, "s": [0] }
                    ],
                    "ix": 5
                  },
                  "lc": 2,
                  "lj": 1,
                  "ml": 4,
                  "bm": 0,
                  "nm": "Stroke 1",
                  "mn": "ADBE Vector Graphic - Stroke",
                  "hd": false
                },
                {
                  "ty": "tr",
                  "p": { "a": 0, "k": [0, 0], "ix": 2 },
                  "a": { "a": 0, "k": [0, 0], "ix": 1 },
                  "s": { "a": 0, "k": [100, 100], "ix": 3 },
                  "r": { "a": 0, "k": 0, "ix": 6 },
                  "o": { "a": 0, "k": 100, "ix": 7 },
                  "sk": { "a": 0, "k": 0, "ix": 4 },
                  "sa": { "a": 0, "k": 0, "ix": 5 },
                  "nm": "Transform"
                }
              ],
              "nm": "Shape 1",
              "np": 4,
              "cix": 2,
              "bm": 0,
              "ix": 1,
              "mn": "ADBE Vector Group",
              "hd": false
            }
          ],
          "ip": 25.0000010182709,
          "op": 900.000036657751,
          "st": 0,
          "bm": 0
        },
        {
          "ddd": 0,
          "ind": 5,
          "ty": 4,
          "nm": "Path star",
          "sr": 1,
          "ks": {
            "o": { "a": 0, "k": 100, "ix": 11 },
            "r": { "a": 0, "k": 0, "ix": 10 },
            "p": { "a": 0, "k": [401, 96.344, 0], "ix": 2, "l": 2 },
            "a": { "a": 0, "k": [161, -137.656, 0], "ix": 1, "l": 2 },
            "s": { "a": 0, "k": [100, 100, 100], "ix": 6, "l": 2 }
          },
          "ao": 0,
          "shapes": [
            {
              "ty": "gr",
              "it": [
                {
                  "ind": 0,
                  "ty": "sh",
                  "ix": 1,
                  "ks": {
                    "a": 0,
                    "k": {
                      "i": [
                        [0, 0],
                        [0, 0]
                      ],
                      "o": [
                        [0, 0],
                        [0, 0]
                      ],
                      "v": [
                        [160.5, -140],
                        [160.5, -170]
                      ],
                      "c": false
                    },
                    "ix": 2
                  },
                  "nm": "Path 1",
                  "mn": "ADBE Vector Shape - Group",
                  "hd": false
                },
                {
                  "ty": "tm",
                  "s": {
                    "a": 1,
                    "k": [
                      {
                        "i": { "x": [0.667], "y": [1] },
                        "o": { "x": [0.333], "y": [0] },
                        "t": 25,
                        "s": [0]
                      },
                      { "t": 37.0000015070409, "s": [100] }
                    ],
                    "ix": 1
                  },
                  "e": {
                    "a": 1,
                    "k": [
                      {
                        "i": { "x": [0.667], "y": [1] },
                        "o": { "x": [0.333], "y": [0] },
                        "t": 20,
                        "s": [0]
                      },
                      { "t": 29.0000011811942, "s": [100] }
                    ],
                    "ix": 2
                  },
                  "o": { "a": 0, "k": 0, "ix": 3 },
                  "m": 1,
                  "ix": 2,
                  "nm": "Trim Paths 1",
                  "mn": "ADBE Vector Filter - Trim",
                  "hd": false
                },
                {
                  "ty": "st",
                  "c": { "a": 0, "k": [0.256, 0.3952, 0.544, 1], "ix": 3 },
                  "o": { "a": 0, "k": 100, "ix": 4 },
                  "w": {
                    "a": 1,
                    "k": [
                      {
                        "i": { "x": [0.833], "y": [0.833] },
                        "o": { "x": [0.167], "y": [0.167] },
                        "t": 25,
                        "s": [6]
                      },
                      { "t": 45.0000018328876, "s": [0] }
                    ],
                    "ix": 5
                  },
                  "lc": 2,
                  "lj": 1,
                  "ml": 4,
                  "bm": 0,
                  "nm": "Stroke 1",
                  "mn": "ADBE Vector Graphic - Stroke",
                  "hd": false
                },
                {
                  "ty": "tr",
                  "p": { "a": 0, "k": [0, 0], "ix": 2 },
                  "a": { "a": 0, "k": [0, 0], "ix": 1 },
                  "s": { "a": 0, "k": [100, 100], "ix": 3 },
                  "r": { "a": 0, "k": 0, "ix": 6 },
                  "o": { "a": 0, "k": 100, "ix": 7 },
                  "sk": { "a": 0, "k": 0, "ix": 4 },
                  "sa": { "a": 0, "k": 0, "ix": 5 },
                  "nm": "Transform"
                }
              ],
              "nm": "Shape 1",
              "np": 4,
              "cix": 2,
              "bm": 0,
              "ix": 1,
              "mn": "ADBE Vector Group",
              "hd": false
            }
          ],
          "ip": 25.0000010182709,
          "op": 900.000036657751,
          "st": 0,
          "bm": 0
        }
      ]
    }
  ],
  "layers": [
    {
      "ddd": 0,
      "ind": 1,
      "ty": 0,
      "nm": "Spark",
      "refId": "comp_0",
      "sr": 1,
      "ks": {
        "o": { "a": 0, "k": 100, "ix": 11 },
        "r": { "a": 0, "k": 0, "ix": 10 },
        "p": { "a": 0, "k": [240, 240, 0], "ix": 2, "l": 2 },
        "a": { "a": 0, "k": [240, 240, 0], "ix": 1, "l": 2 },
        "s": { "a": 0, "k": [100, 100, 100], "ix": 6, "l": 2 }
      },
      "ao": 0,
      "w": 480,
      "h": 480,
      "ip": 0,
      "op": 90.0000036657751,
      "st": 0,
      "bm": 0
    },
    {
      "ddd": 0,
      "ind": 2,
      "ty": 0,
      "nm": "star1",
      "refId": "comp_1",
      "sr": 1,
      "ks": {
        "o": { "a": 0, "k": 100, "ix": 11 },
        "r": { "a": 0, "k": 0, "ix": 10 },
        "p": { "a": 0, "k": [266, 432, 0], "ix": 2, "l": 2 },
        "a": { "a": 0, "k": [240, 240, 0], "ix": 1, "l": 2 },
        "s": { "a": 0, "k": [48, 48, 100], "ix": 6, "l": 2 }
      },
      "ao": 0,
      "w": 480,
      "h": 480,
      "ip": 12.00000048877,
      "op": 912.000037146522,
      "st": 12.00000048877,
      "bm": 0
    },
    {
      "ddd": 0,
      "ind": 3,
      "ty": 0,
      "nm": "star1",
      "refId": "comp_1",
      "sr": 1,
      "ks": {
        "o": { "a": 0, "k": 100, "ix": 11 },
        "r": { "a": 0, "k": 0, "ix": 10 },
        "p": { "a": 0, "k": [-8, 286, 0], "ix": 2, "l": 2 },
        "a": { "a": 0, "k": [240, 240, 0], "ix": 1, "l": 2 },
        "s": { "a": 0, "k": [68, 68, 100], "ix": 6, "l": 2 }
      },
      "ao": 0,
      "w": 480,
      "h": 480,
      "ip": 24.00000097754,
      "op": 924.000037635292,
      "st": 24.00000097754,
      "bm": 0
    },
    {
      "ddd": 0,
      "ind": 4,
      "ty": 0,
      "nm": "star1",
      "refId": "comp_1",
      "sr": 1,
      "ks": {
        "o": { "a": 0, "k": 100, "ix": 11 },
        "r": { "a": 0, "k": 0, "ix": 10 },
        "p": { "a": 0, "k": [-30, 486, 0], "ix": 2, "l": 2 },
        "a": { "a": 0, "k": [240, 240, 0], "ix": 1, "l": 2 },
        "s": { "a": 0, "k": [100, 100, 100], "ix": 6, "l": 2 }
      },
      "ao": 0,
      "w": 480,
      "h": 480,
      "ip": 16.0000006516934,
      "op": 916.000037309445,
      "st": 16.0000006516934,
      "bm": 0
    },
    {
      "ddd": 0,
      "ind": 5,
      "ty": 0,
      "nm": "star1",
      "refId": "comp_1",
      "sr": 1,
      "ks": {
        "o": { "a": 0, "k": 100, "ix": 11 },
        "r": { "a": 0, "k": 0, "ix": 10 },
        "p": { "a": 0, "k": [202, 298, 0], "ix": 2, "l": 2 },
        "a": { "a": 0, "k": [240, 240, 0], "ix": 1, "l": 2 },
        "s": { "a": 0, "k": [100, 100, 100], "ix": 6, "l": 2 }
      },
      "ao": 0,
      "w": 480,
      "h": 480,
      "ip": 22.0000008960784,
      "op": 922.00003755383,
      "st": 22.0000008960784,
      "bm": 0
    },
    {
      "ddd": 0,
      "ind": 6,
      "ty": 4,
      "nm": "tick 2",
      "parent": 7,
      "sr": 1,
      "ks": {
        "o": {
          "a": 1,
          "k": [
            {
              "i": { "x": [0.667], "y": [1] },
              "o": { "x": [0.333], "y": [0] },
              "t": 5,
              "s": [0]
            },
            { "t": 16.0000006516934, "s": [100] }
          ],
          "ix": 11
        },
        "r": { "a": 0, "k": -0.332, "ix": 10 },
        "p": { "a": 0, "k": [35.15, 18.226, 0], "ix": 2, "l": 2 },
        "a": { "a": 0, "k": [0, 0, 0], "ix": 1, "l": 2 },
        "s": { "a": 0, "k": [114.05, 114.05, 100], "ix": 6, "l": 2 }
      },
      "ao": 0,
      "shapes": [
        {
          "ty": "gr",
          "it": [
            {
              "ind": 0,
              "ty": "sh",
              "ix": 1,
              "ks": {
                "a": 0,
                "k": {
                  "i": [
                    [0, 0],
                    [0, 0],
                    [0, 0]
                  ],
                  "o": [
                    [0, 0],
                    [0, 0],
                    [0, 0]
                  ],
                  "v": [
                    [-39, 13],
                    [-8, 44],
                    [71, -35]
                  ],
                  "c": false
                },
                "ix": 2
              },
              "nm": "Path 1",
              "mn": "ADBE Vector Shape - Group",
              "hd": false
            },
            {
              "ty": "st",
              "c": { "a": 0, "k": [1, 1, 1, 1], "ix": 3 },
              "o": { "a": 0, "k": 100, "ix": 4 },
              "w": { "a": 0, "k": 20, "ix": 5 },
              "lc": 2,
              "lj": 2,
              "bm": 0,
              "nm": "Stroke 1",
              "mn": "ADBE Vector Graphic - Stroke",
              "hd": false
            },
            {
              "ty": "tr",
              "p": { "a": 0, "k": [0, 0], "ix": 2 },
              "a": { "a": 0, "k": [0, 0], "ix": 1 },
              "s": { "a": 0, "k": [100, 100], "ix": 3 },
              "r": { "a": 0, "k": 0, "ix": 6 },
              "o": { "a": 0, "k": 100, "ix": 7 },
              "sk": { "a": 0, "k": 0, "ix": 4 },
              "sa": { "a": 0, "k": 0, "ix": 5 },
              "nm": "Transform"
            }
          ],
          "nm": "Shape 1",
          "np": 3,
          "cix": 2,
          "bm": 0,
          "ix": 1,
          "mn": "ADBE Vector Group",
          "hd": false
        },
        {
          "ty": "tm",
          "s": { "a": 0, "k": 0, "ix": 1 },
          "e": {
            "a": 1,
            "k": [
              {
                "i": { "x": [0.667], "y": [1] },
                "o": { "x": [0.333], "y": [0] },
                "t": 16,
                "s": [0]
              },
              { "t": 27.0000010997325, "s": [100] }
            ],
            "ix": 2
          },
          "o": { "a": 0, "k": 0, "ix": 3 },
          "m": 1,
          "ix": 2,
          "nm": "Trim Paths 1",
          "mn": "ADBE Vector Filter - Trim",
          "hd": false
        }
      ],
      "ip": -23.0000009368092,
      "op": 67.0000027289659,
      "st": -23.0000009368092,
      "bm": 0
    },
    {
      "ddd": 0,
      "ind": 7,
      "ty": 4,
      "nm": "circle",
      "sr": 1,
      "ks": {
        "o": { "a": 0, "k": 100, "ix": 11 },
        "r": { "a": 0, "k": 0.332, "ix": 10 },
        "p": { "a": 0, "k": [240, 240, 0], "ix": 2, "l": 2 },
        "a": { "a": 0, "k": [60, 28, 0], "ix": 1, "l": 2 },
        "s": {
          "a": 1,
          "k": [
            {
              "i": { "x": [0.667, 0.667, 0.667], "y": [1, 1, 1] },
              "o": { "x": [0.333, 0.333, 0.333], "y": [0, 0, 0] },
              "t": 0,
              "s": [52.5, 52.5, 100]
            },
            {
              "i": { "x": [0.667, 0.667, 0.667], "y": [1, 1, 1] },
              "o": { "x": [0.333, 0.333, 0.333], "y": [0, 0, 0] },
              "t": 30,
              "s": [60.5, 60.5, 100]
            },
            { "t": 53.0000021587343, "s": [52.5, 52.5, 100] }
          ],
          "ix": 6,
          "l": 2
        }
      },
      "ao": 0,
      "shapes": [
        {
          "ty": "gr",
          "it": [
            {
              "d": 1,
              "ty": "el",
              "s": { "a": 0, "k": [332, 332], "ix": 2 },
              "p": { "a": 0, "k": [0, 0], "ix": 3 },
              "nm": "Ellipse Path 1",
              "mn": "ADBE Vector Shape - Ellipse",
              "hd": false
            },
            {
              "ty": "fl",
              "c": { "a": 0, "k": [0, 0.4784, 1, 1], "ix": 4 },
              "o": { "a": 0, "k": 100, "ix": 5 },
              "r": 1,
              "bm": 0,
              "nm": "Fill 1",
              "mn": "ADBE Vector Graphic - Fill",
              "hd": false
            },
            {
              "ty": "tr",
              "p": { "a": 0, "k": [60, 28], "ix": 2 },
              "a": { "a": 0, "k": [0, 0], "ix": 1 },
              "s": { "a": 0, "k": [100, 100], "ix": 3 },
              "r": { "a": 0, "k": 0, "ix": 6 },
              "o": { "a": 0, "k": 100, "ix": 7 },
              "sk": { "a": 0, "k": 0, "ix": 4 },
              "sa": { "a": 0, "k": 0, "ix": 5 },
              "nm": "Transform"
            }
          ],
          "nm": "Ellipse 1",
          "np": 3,
          "cix": 2,
          "bm": 0,
          "ix": 1,
          "mn": "ADBE Vector Group",
          "hd": false
        },
        {
          "ty": "tm",
          "s": { "a": 0, "k": 0, "ix": 1 },
          "e": { "a": 0, "k": 100, "ix": 2 },
          "o": { "a": 0, "k": 0, "ix": 3 },
          "m": 1,
          "ix": 2,
          "nm": "Trim Paths 1",
          "mn": "ADBE Vector Filter - Trim",
          "hd": false
        }
      ],
      "ip": -1.00000004073083,
      "op": 86.0000035028518,
      "st": -4.00000016292334,
      "bm": 0
    },
    {
      "ddd": 0,
      "ind": 8,
      "ty": 4,
      "nm": "circle BG",
      "sr": 1,
      "ks": {
        "o": { "a": 0, "k": 20, "ix": 11 },
        "r": { "a": 0, "k": 0.332, "ix": 10 },
        "p": { "a": 0, "k": [240, 240, 0], "ix": 2, "l": 2 },
        "a": { "a": 0, "k": [60, 28, 0], "ix": 1, "l": 2 },
        "s": {
          "a": 1,
          "k": [
            {
              "i": { "x": [0, 0, 0.667], "y": [1, 1, 1] },
              "o": { "x": [0.01, 0.01, 0.333], "y": [0, 0, 0] },
              "t": 0,
              "s": [83.5, 83.5, 100]
            },
            {
              "i": { "x": [0, 0, 0.667], "y": [1, 1, 1] },
              "o": { "x": [0.333, 0.333, 0.333], "y": [0, 0, 0] },
              "t": 30,
              "s": [99.5, 99.5, 100]
            },
            { "t": 40.0000016292334, "s": [49.5, 49.5, 100] }
          ],
          "ix": 6,
          "l": 2
        }
      },
      "ao": 0,
      "shapes": [
        {
          "ty": "gr",
          "it": [
            {
              "d": 1,
              "ty": "el",
              "s": { "a": 0, "k": [332, 332], "ix": 2 },
              "p": { "a": 0, "k": [0, 0], "ix": 3 },
              "nm": "Ellipse Path 1",
              "mn": "ADBE Vector Shape - Ellipse",
              "hd": false
            },
            {
              "ty": "fl",
              "c": { "a": 0, "k": [0, 0.4784, 1, 1], "ix": 4 },
              "o": { "a": 0, "k": 100, "ix": 5 },
              "r": 1,
              "bm": 0,
              "nm": "Fill 1",
              "mn": "ADBE Vector Graphic - Fill",
              "hd": false
            },
            {
              "ty": "tr",
              "p": { "a": 0, "k": [60, 28], "ix": 2 },
              "a": { "a": 0, "k": [0, 0], "ix": 1 },
              "s": { "a": 0, "k": [100, 100], "ix": 3 },
              "r": { "a": 0, "k": 0, "ix": 6 },
              "o": { "a": 0, "k": 100, "ix": 7 },
              "sk": { "a": 0, "k": 0, "ix": 4 },
              "sa": { "a": 0, "k": 0, "ix": 5 },
              "nm": "Transform"
            }
          ],
          "nm": "Ellipse 1",
          "np": 3,
          "cix": 2,
          "bm": 0,
          "ix": 1,
          "mn": "ADBE Vector Group",
          "hd": false
        },
        {
          "ty": "tm",
          "s": { "a": 0, "k": 0, "ix": 1 },
          "e": { "a": 0, "k": 100, "ix": 2 },
          "o": { "a": 0, "k": 0, "ix": 3 },
          "m": 1,
          "ix": 2,
          "nm": "Trim Paths 1",
          "mn": "ADBE Vector Filter - Trim",
          "hd": false
        }
      ],
      "ip": -1.00000004073083,
      "op": 86.0000035028518,
      "st": -4.00000016292334,
      "bm": 0
    }
  ],
  "markers": []
}
