{
  "v": "5.5.2",
  "fr": 60,
  "ip": 0,
  "op": 119,
  "w": 100,
  "h": 100,
  "nm": "load from cloud",
  "ddd": 0,
  "assets": [
    {
      "id": "comp_0",
      "layers": [
        {
          "ddd": 0,
          "ind": 1,
          "ty": 4,
          "nm": "Shape Layer 19",
          "sr": 1,
          "ks": {
            "o": { "a": 0, "k": 100, "ix": 11 },
            "r": { "a": 0, "k": 0, "ix": 10 },
            "p": {
              "a": 1,
              "k": [
                {
                  "i": { "x": 0.833, "y": 0.833 },
                  "o": { "x": 0.167, "y": 0.167 },
                  "t": 0,
                  "s": [53.75, 49.375, 0],
                  "to": [0.729, 0.823, 0],
                  "ti": [-0.729, -0.823, 0]
                },
                { "t": 9, "s": [58.125, 54.312, 0] }
              ],
              "ix": 2
            },
            "a": { "a": 0, "k": [0, 0, 0], "ix": 1 },
            "s": {
              "a": 1,
              "k": [
                {
                  "i": {
                    "x": [0.833, 0.833, 0.833],
                    "y": [0.833, 0.833, 0.833]
                  },
                  "o": {
                    "x": [0.167, 0.167, 0.167],
                    "y": [0.167, 0.167, 0.167]
                  },
                  "t": 0,
                  "s": [100, 100, 100]
                },
                { "t": 9, "s": [68, 68, 100] }
              ],
              "ix": 6
            }
          },
          "ao": 0,
          "shapes": [
            {
              "ty": "gr",
              "it": [
                {
                  "d": 1,
                  "ty": "el",
                  "s": { "a": 0, "k": [12.419, 12.419], "ix": 2 },
                  "p": { "a": 0, "k": [0, 0], "ix": 3 },
                  "nm": "Ellipse Path 1",
                  "mn": "ADBE Vector Shape - Ellipse",
                  "hd": false
                },
                {
                  "ty": "fl",
                  "c": { "a": 0, "k": [0, 0.4784, 1, 1], "ix": 4 },
                  "o": { "a": 0, "k": 100, "ix": 5 },
                  "r": 1,
                  "bm": 0,
                  "nm": "Fill 1",
                  "mn": "ADBE Vector Graphic - Fill",
                  "hd": false
                },
                {
                  "ty": "tr",
                  "p": { "a": 0, "k": [11.834, 9.334], "ix": 2 },
                  "a": { "a": 0, "k": [0, 0], "ix": 1 },
                  "s": { "a": 0, "k": [100, 100], "ix": 3 },
                  "r": { "a": 0, "k": 0, "ix": 6 },
                  "o": { "a": 0, "k": 100, "ix": 7 },
                  "sk": { "a": 0, "k": 0, "ix": 4 },
                  "sa": { "a": 0, "k": 0, "ix": 5 },
                  "nm": "Transform"
                }
              ],
              "nm": "Ellipse 1",
              "np": 3,
              "cix": 2,
              "bm": 0,
              "ix": 1,
              "mn": "ADBE Vector Group",
              "hd": false
            }
          ],
          "ip": 0,
          "op": 30,
          "st": -25,
          "bm": 0
        },
        {
          "ddd": 0,
          "ind": 2,
          "ty": 4,
          "nm": "Shape Layer 18",
          "sr": 1,
          "ks": {
            "o": { "a": 0, "k": 100, "ix": 11 },
            "r": { "a": 0, "k": 0, "ix": 10 },
            "p": {
              "a": 1,
              "k": [
                {
                  "i": { "x": 0.833, "y": 0.833 },
                  "o": { "x": 0.167, "y": 0.167 },
                  "t": 0,
                  "s": [48.5, 50.375, 0],
                  "to": [0.25, 0.146, 0],
                  "ti": [-1.396, -1.438, 0]
                },
                {
                  "i": { "x": 0.833, "y": 0.833 },
                  "o": { "x": 0.167, "y": 0.167 },
                  "t": 9,
                  "s": [50, 51.25, 0],
                  "to": [1.396, 1.438, 0],
                  "ti": [-1.146, -1.292, 0]
                },
                { "t": 30, "s": [56.875, 59, 0] }
              ],
              "ix": 2
            },
            "a": { "a": 0, "k": [0, 0, 0], "ix": 1 },
            "s": {
              "a": 1,
              "k": [
                {
                  "i": {
                    "x": [0.833, 0.833, 0.833],
                    "y": [0.833, 0.833, 0.833]
                  },
                  "o": {
                    "x": [0.167, 0.167, 0.167],
                    "y": [0.167, 0.167, 0.167]
                  },
                  "t": 9,
                  "s": [108.151, 108.151, 100]
                },
                { "t": 30, "s": [77.151, 77.151, 100] }
              ],
              "ix": 6
            }
          },
          "ao": 0,
          "shapes": [
            {
              "ty": "gr",
              "it": [
                {
                  "d": 1,
                  "ty": "el",
                  "s": { "a": 0, "k": [15.043, 15.043], "ix": 2 },
                  "p": { "a": 0, "k": [0, 0], "ix": 3 },
                  "nm": "Ellipse Path 1",
                  "mn": "ADBE Vector Shape - Ellipse",
                  "hd": false
                },
                {
                  "ty": "fl",
                  "c": { "a": 0, "k": [0, 0.4784, 1, 1], "ix": 4 },
                  "o": { "a": 0, "k": 100, "ix": 5 },
                  "r": 1,
                  "bm": 0,
                  "nm": "Fill 1",
                  "mn": "ADBE Vector Graphic - Fill",
                  "hd": false
                },
                {
                  "ty": "tr",
                  "p": { "a": 0, "k": [11.896, 0.146], "ix": 2 },
                  "a": { "a": 0, "k": [0, 0], "ix": 1 },
                  "s": { "a": 0, "k": [100, 100], "ix": 3 },
                  "r": { "a": 0, "k": 0, "ix": 6 },
                  "o": { "a": 0, "k": 100, "ix": 7 },
                  "sk": { "a": 0, "k": 0, "ix": 4 },
                  "sa": { "a": 0, "k": 0, "ix": 5 },
                  "nm": "Transform"
                }
              ],
              "nm": "Ellipse 1",
              "np": 3,
              "cix": 2,
              "bm": 0,
              "ix": 1,
              "mn": "ADBE Vector Group",
              "hd": false
            }
          ],
          "ip": 0,
          "op": 30,
          "st": -25,
          "bm": 0
        },
        {
          "ddd": 0,
          "ind": 3,
          "ty": 4,
          "nm": "Shape Layer 17",
          "sr": 1,
          "ks": {
            "o": { "a": 0, "k": 100, "ix": 11 },
            "r": { "a": 0, "k": 0, "ix": 10 },
            "p": {
              "a": 1,
              "k": [
                {
                  "i": { "x": 0.833, "y": 0.833 },
                  "o": { "x": 0.167, "y": 0.167 },
                  "t": 0,
                  "s": [50, 50, 0],
                  "to": [0.146, -0.333, 0],
                  "ti": [-1.833, 1.438, 0]
                },
                {
                  "i": { "x": 0.833, "y": 0.833 },
                  "o": { "x": 0.167, "y": 0.167 },
                  "t": 9,
                  "s": [50.875, 48, 0],
                  "to": [1.833, -1.438, 0],
                  "ti": [-1.688, 1.104, 0]
                },
                { "t": 30, "s": [61, 41.375, 0] }
              ],
              "ix": 2
            },
            "a": { "a": 0, "k": [0, 0, 0], "ix": 1 },
            "s": {
              "a": 1,
              "k": [
                {
                  "i": {
                    "x": [0.833, 0.833, 0.833],
                    "y": [0.833, 0.833, 0.833]
                  },
                  "o": {
                    "x": [0.167, 0.167, 0.167],
                    "y": [0.167, 0.167, 0.167]
                  },
                  "t": 9,
                  "s": [100, 100, 100]
                },
                { "t": 30, "s": [100, 100, 100] }
              ],
              "ix": 6
            }
          },
          "ao": 0,
          "shapes": [
            {
              "ty": "gr",
              "it": [
                {
                  "d": 1,
                  "ty": "el",
                  "s": { "a": 0, "k": [21.223, 21.223], "ix": 2 },
                  "p": { "a": 0, "k": [0, 0], "ix": 3 },
                  "nm": "Ellipse Path 1",
                  "mn": "ADBE Vector Shape - Ellipse",
                  "hd": false
                },
                {
                  "ty": "fl",
                  "c": { "a": 0, "k": [0, 0.4784, 1, 1], "ix": 4 },
                  "o": { "a": 0, "k": 100, "ix": 5 },
                  "r": 1,
                  "bm": 0,
                  "nm": "Fill 1",
                  "mn": "ADBE Vector Graphic - Fill",
                  "hd": false
                },
                {
                  "ty": "tr",
                  "p": { "a": 0, "k": [-11.054, 2.791], "ix": 2 },
                  "a": { "a": 0, "k": [0, 0], "ix": 1 },
                  "s": { "a": 0, "k": [100, 100], "ix": 3 },
                  "r": { "a": 0, "k": 0, "ix": 6 },
                  "o": { "a": 0, "k": 100, "ix": 7 },
                  "sk": { "a": 0, "k": 0, "ix": 4 },
                  "sa": { "a": 0, "k": 0, "ix": 5 },
                  "nm": "Transform"
                }
              ],
              "nm": "Ellipse 1",
              "np": 3,
              "cix": 2,
              "bm": 0,
              "ix": 1,
              "mn": "ADBE Vector Group",
              "hd": false
            }
          ],
          "ip": 0,
          "op": 30,
          "st": -25,
          "bm": 0
        },
        {
          "ddd": 0,
          "ind": 4,
          "ty": 4,
          "nm": "Shape Layer 16",
          "sr": 1,
          "ks": {
            "o": { "a": 0, "k": 100, "ix": 11 },
            "r": { "a": 0, "k": 0, "ix": 10 },
            "p": {
              "a": 1,
              "k": [
                {
                  "i": { "x": 0.833, "y": 0.833 },
                  "o": { "x": 0.167, "y": 0.167 },
                  "t": 0,
                  "s": [51, 54.25, 0],
                  "to": [0.375, -0.042, 0],
                  "ti": [-1.812, -0.812, 0]
                },
                {
                  "i": { "x": 0.833, "y": 0.833 },
                  "o": { "x": 0.167, "y": 0.167 },
                  "t": 9,
                  "s": [53.25, 54, 0],
                  "to": [1.812, 0.812, 0],
                  "ti": [-1.438, -0.854, 0]
                },
                { "t": 30, "s": [61.875, 59.125, 0] }
              ],
              "ix": 2
            },
            "a": { "a": 0, "k": [0, 0, 0], "ix": 1 },
            "s": {
              "a": 1,
              "k": [
                {
                  "i": {
                    "x": [0.833, 0.833, 0.833],
                    "y": [0.833, 0.833, 0.833]
                  },
                  "o": {
                    "x": [0.167, 0.167, 0.167],
                    "y": [0.167, 0.167, 0.167]
                  },
                  "t": 9,
                  "s": [107.029, 107.029, 100]
                },
                { "t": 30, "s": [88.029, 88.029, 100] }
              ],
              "ix": 6
            }
          },
          "ao": 0,
          "shapes": [
            {
              "ty": "gr",
              "it": [
                {
                  "d": 1,
                  "ty": "el",
                  "s": { "a": 0, "k": [19.392, 19.392], "ix": 2 },
                  "p": { "a": 0, "k": [0, 0], "ix": 3 },
                  "nm": "Ellipse Path 1",
                  "mn": "ADBE Vector Shape - Ellipse",
                  "hd": false
                },
                {
                  "ty": "fl",
                  "c": { "a": 0, "k": [0, 0.4784, 1, 1], "ix": 4 },
                  "o": { "a": 0, "k": 100, "ix": 5 },
                  "r": 1,
                  "bm": 0,
                  "nm": "Fill 1",
                  "mn": "ADBE Vector Graphic - Fill",
                  "hd": false
                },
                {
                  "ty": "tr",
                  "p": { "a": 0, "k": [-0.804, -9.679], "ix": 2 },
                  "a": { "a": 0, "k": [0, 0], "ix": 1 },
                  "s": { "a": 0, "k": [100, 100], "ix": 3 },
                  "r": { "a": 0, "k": 0, "ix": 6 },
                  "o": { "a": 0, "k": 100, "ix": 7 },
                  "sk": { "a": 0, "k": 0, "ix": 4 },
                  "sa": { "a": 0, "k": 0, "ix": 5 },
                  "nm": "Transform"
                }
              ],
              "nm": "Ellipse 1",
              "np": 3,
              "cix": 2,
              "bm": 0,
              "ix": 1,
              "mn": "ADBE Vector Group",
              "hd": false
            }
          ],
          "ip": 0,
          "op": 30,
          "st": -25,
          "bm": 0
        },
        {
          "ddd": 0,
          "ind": 5,
          "ty": 4,
          "nm": "Shape Layer 15",
          "sr": 1,
          "ks": {
            "o": { "a": 0, "k": 100, "ix": 11 },
            "r": { "a": 0, "k": 0, "ix": 10 },
            "p": { "a": 0, "k": [50.5, 61.25, 0], "ix": 2 },
            "a": { "a": 0, "k": [0.5, 13.5, 0], "ix": 1 },
            "s": { "a": 0, "k": [100, 100, 100], "ix": 6 }
          },
          "ao": 0,
          "shapes": [
            {
              "ty": "gr",
              "it": [
                {
                  "ty": "rc",
                  "d": 1,
                  "s": {
                    "a": 1,
                    "k": [
                      {
                        "i": { "x": [0.833, 0.833], "y": [0.833, 0.833] },
                        "o": { "x": [0.167, 0.167], "y": [0.167, 0.167] },
                        "t": 0,
                        "s": [51.915, 12.469]
                      },
                      {
                        "i": { "x": [0.833, 0.833], "y": [0.833, 0.833] },
                        "o": { "x": [0.167, 0.167], "y": [0.167, 0.167] },
                        "t": 9,
                        "s": [49, 12.469]
                      },
                      { "t": 30, "s": [51.915, 12.469] }
                    ],
                    "ix": 2
                  },
                  "p": { "a": 0, "k": [0, 0], "ix": 3 },
                  "r": { "a": 0, "k": 20, "ix": 4 },
                  "nm": "Rectangle Path 1",
                  "mn": "ADBE Vector Shape - Rect",
                  "hd": false
                },
                {
                  "ty": "fl",
                  "c": { "a": 0, "k": [0, 0.4784, 1, 1], "ix": 4 },
                  "o": { "a": 0, "k": 100, "ix": 5 },
                  "r": 1,
                  "bm": 0,
                  "nm": "Fill 1",
                  "mn": "ADBE Vector Graphic - Fill",
                  "hd": false
                },
                {
                  "ty": "tr",
                  "p": { "a": 0, "k": [0.457, 13.11], "ix": 2 },
                  "a": { "a": 0, "k": [0, 0], "ix": 1 },
                  "s": { "a": 0, "k": [100, 100], "ix": 3 },
                  "r": { "a": 0, "k": 0, "ix": 6 },
                  "o": { "a": 0, "k": 100, "ix": 7 },
                  "sk": { "a": 0, "k": 0, "ix": 4 },
                  "sa": { "a": 0, "k": 0, "ix": 5 },
                  "nm": "Transform"
                }
              ],
              "nm": "Rectangle 1",
              "np": 3,
              "cix": 2,
              "bm": 0,
              "ix": 1,
              "mn": "ADBE Vector Group",
              "hd": false
            }
          ],
          "ip": 0,
          "op": 30,
          "st": -25,
          "bm": 0
        },
        {
          "ddd": 0,
          "ind": 6,
          "ty": 4,
          "nm": "Shape Layer 14",
          "sr": 1,
          "ks": {
            "o": { "a": 0, "k": 100, "ix": 11 },
            "r": { "a": 0, "k": 0, "ix": 10 },
            "p": {
              "a": 1,
              "k": [
                {
                  "i": { "x": 0.833, "y": 0.833 },
                  "o": { "x": 0.167, "y": 0.167 },
                  "t": 9,
                  "s": [39.375, 59.5, 0],
                  "to": [1.708, -1.646, 0],
                  "ti": [-3.542, 3.188, 0]
                },
                {
                  "i": { "x": 0.833, "y": 0.833 },
                  "o": { "x": 0.167, "y": 0.167 },
                  "t": 30,
                  "s": [49.625, 49.625, 0],
                  "to": [3.542, -3.188, 0],
                  "ti": [-1.833, 1.542, 0]
                },
                { "t": 47, "s": [60.625, 40.375, 0] }
              ],
              "ix": 2
            },
            "a": { "a": 0, "k": [0, 0, 0], "ix": 1 },
            "s": {
              "a": 1,
              "k": [
                {
                  "i": {
                    "x": [0.833, 0.833, 0.833],
                    "y": [0.833, 0.833, 0.833]
                  },
                  "o": {
                    "x": [0.167, 0.167, 0.167],
                    "y": [0.167, 0.167, 0.167]
                  },
                  "t": 9,
                  "s": [38, 38, 100]
                },
                {
                  "i": {
                    "x": [0.833, 0.833, 0.833],
                    "y": [0.833, 0.833, 0.833]
                  },
                  "o": {
                    "x": [0.167, 0.167, 0.167],
                    "y": [0.167, 0.167, 0.167]
                  },
                  "t": 30,
                  "s": [100, 100, 100]
                },
                { "t": 47, "s": [108, 108, 100] }
              ],
              "ix": 6
            }
          },
          "ao": 0,
          "shapes": [
            {
              "ty": "gr",
              "it": [
                {
                  "d": 1,
                  "ty": "el",
                  "s": { "a": 0, "k": [21.223, 21.223], "ix": 2 },
                  "p": { "a": 0, "k": [0, 0], "ix": 3 },
                  "nm": "Ellipse Path 1",
                  "mn": "ADBE Vector Shape - Ellipse",
                  "hd": false
                },
                {
                  "ty": "fl",
                  "c": { "a": 0, "k": [0, 0.4784, 1, 1], "ix": 4 },
                  "o": { "a": 0, "k": 100, "ix": 5 },
                  "r": 1,
                  "bm": 0,
                  "nm": "Fill 1",
                  "mn": "ADBE Vector Graphic - Fill",
                  "hd": false
                },
                {
                  "ty": "tr",
                  "p": { "a": 0, "k": [-11.054, 2.791], "ix": 2 },
                  "a": { "a": 0, "k": [0, 0], "ix": 1 },
                  "s": { "a": 0, "k": [100, 100], "ix": 3 },
                  "r": { "a": 0, "k": 0, "ix": 6 },
                  "o": { "a": 0, "k": 100, "ix": 7 },
                  "sk": { "a": 0, "k": 0, "ix": 4 },
                  "sa": { "a": 0, "k": 0, "ix": 5 },
                  "nm": "Transform"
                }
              ],
              "nm": "Ellipse 1",
              "np": 3,
              "cix": 2,
              "bm": 0,
              "ix": 1,
              "mn": "ADBE Vector Group",
              "hd": false
            }
          ],
          "ip": 9,
          "op": 30,
          "st": -1,
          "bm": 0
        },
        {
          "ddd": 0,
          "ind": 7,
          "ty": 4,
          "nm": "Shape Layer 13",
          "sr": 1,
          "ks": {
            "o": { "a": 0, "k": 100, "ix": 11 },
            "r": { "a": 0, "k": 0, "ix": 10 },
            "p": { "a": 0, "k": [50, 50, 0], "ix": 2 },
            "a": { "a": 0, "k": [0, 0, 0], "ix": 1 },
            "s": { "a": 0, "k": [100, 100, 100], "ix": 6 }
          },
          "ao": 0,
          "shapes": [
            {
              "ty": "gr",
              "it": [
                {
                  "ty": "rc",
                  "d": 1,
                  "s": { "a": 0, "k": [25.5, 14.25], "ix": 2 },
                  "p": { "a": 0, "k": [0, 0], "ix": 3 },
                  "r": { "a": 0, "k": 0, "ix": 4 },
                  "nm": "Rectangle Path 1",
                  "mn": "ADBE Vector Shape - Rect",
                  "hd": false
                },
                {
                  "ty": "fl",
                  "c": { "a": 0, "k": [0, 0.4784, 1, 1], "ix": 4 },
                  "o": { "a": 0, "k": 100, "ix": 5 },
                  "r": 1,
                  "bm": 0,
                  "nm": "Fill 1",
                  "mn": "ADBE Vector Graphic - Fill",
                  "hd": false
                },
                {
                  "ty": "tr",
                  "p": { "a": 0, "k": [0.75, 5.625], "ix": 2 },
                  "a": { "a": 0, "k": [0, 0], "ix": 1 },
                  "s": { "a": 0, "k": [100, 100], "ix": 3 },
                  "r": { "a": 0, "k": 0, "ix": 6 },
                  "o": { "a": 0, "k": 100, "ix": 7 },
                  "sk": { "a": 0, "k": 0, "ix": 4 },
                  "sa": { "a": 0, "k": 0, "ix": 5 },
                  "nm": "Transform"
                }
              ],
              "nm": "Rectangle 1",
              "np": 3,
              "cix": 2,
              "bm": 0,
              "ix": 1,
              "mn": "ADBE Vector Group",
              "hd": false
            }
          ],
          "ip": 0,
          "op": 30,
          "st": -25,
          "bm": 0
        }
      ]
    }
  ],
  "layers": [
    {
      "ddd": 0,
      "ind": 1,
      "ty": 4,
      "nm": "spinner 4",
      "td": 1,
      "sr": 1,
      "ks": {
        "o": {
          "a": 1,
          "k": [
            {
              "i": { "x": [0.833], "y": [0.833] },
              "o": { "x": [0.167], "y": [0.167] },
              "t": -1,
              "s": [0]
            },
            { "t": 6.99963440002503, "s": [100] }
          ],
          "ix": 11
        },
        "r": { "a": 0, "k": 0, "ix": 10 },
        "p": { "a": 0, "k": [49, 50.75, 0], "ix": 2 },
        "a": { "a": 0, "k": [160, 284, 0], "ix": 1 },
        "s": { "a": 0, "k": [80, 80, 100], "ix": 6 }
      },
      "ao": 0,
      "shapes": [
        {
          "ty": "gr",
          "it": [
            {
              "ind": 0,
              "ty": "sh",
              "ix": 1,
              "ks": {
                "a": 0,
                "k": {
                  "i": [
                    [0, 19.882],
                    [19.882, 0],
                    [0, -19.882],
                    [-19.882, 0]
                  ],
                  "o": [
                    [0, -19.882],
                    [-19.882, 0],
                    [0, 19.882],
                    [19.882, 0]
                  ],
                  "v": [
                    [36, 0],
                    [0, -36],
                    [-36, 0],
                    [0, 36]
                  ],
                  "c": true
                },
                "ix": 2
              },
              "nm": "Path 1",
              "mn": "ADBE Vector Shape - Group",
              "hd": false
            },
            {
              "ty": "tm",
              "s": {
                "a": 1,
                "k": [
                  {
                    "i": { "x": [0.667], "y": [1] },
                    "o": { "x": [0.167], "y": [0.167] },
                    "t": 0.025,
                    "s": [100]
                  },
                  {
                    "i": { "x": [0.833], "y": [1] },
                    "o": { "x": [0.167], "y": [0] },
                    "t": 58.084,
                    "s": [0]
                  },
                  { "t": 102.126587525025, "s": [0] }
                ],
                "ix": 1
              },
              "e": {
                "a": 1,
                "k": [
                  {
                    "i": { "x": [0.833], "y": [0.833] },
                    "o": { "x": [0.333], "y": [0] },
                    "t": 40.066,
                    "s": [100]
                  },
                  { "t": 120.146118775025, "s": [1] }
                ],
                "ix": 2
              },
              "o": { "a": 0, "k": 0, "ix": 3 },
              "m": 1,
              "ix": 2,
              "nm": "Trim Paths 1",
              "mn": "ADBE Vector Filter - Trim",
              "hd": false
            },
            {
              "ty": "st",
              "c": { "a": 0, "k": [0.32, 0.6487, 1, 1], "ix": 3 },
              "o": { "a": 0, "k": 100, "ix": 4 },
              "w": { "a": 0, "k": 10, "ix": 5 },
              "lc": 2,
              "lj": 1,
              "ml": 10,
              "bm": 0,
              "nm": "Stroke 1",
              "mn": "ADBE Vector Graphic - Stroke",
              "hd": false
            },
            {
              "ty": "tr",
              "p": { "a": 0, "k": [161.992, 287.195], "ix": 2 },
              "a": { "a": 0, "k": [0, 0], "ix": 1 },
              "s": { "a": 0, "k": [28, 28], "ix": 3 },
              "r": {
                "a": 1,
                "k": [
                  {
                    "i": { "x": [0.667], "y": [1] },
                    "o": { "x": [0.167], "y": [0.167] },
                    "t": 0.025,
                    "s": [-90]
                  },
                  { "t": 118.142212525025, "s": [270] }
                ],
                "ix": 6
              },
              "o": { "a": 0, "k": 100, "ix": 7 },
              "sk": { "a": 0, "k": 0, "ix": 4 },
              "sa": { "a": 0, "k": 0, "ix": 5 },
              "nm": "Transform"
            }
          ],
          "nm": "Group 1",
          "np": 3,
          "cix": 2,
          "bm": 0,
          "ix": 1,
          "mn": "ADBE Vector Group",
          "hd": false
        }
      ],
      "ip": 90,
      "op": 125,
      "st": 0.02502502502503,
      "bm": 0
    },
    {
      "ddd": 0,
      "ind": 2,
      "ty": 0,
      "nm": "Cloud animation",
      "tt": 2,
      "refId": "comp_0",
      "sr": 1,
      "ks": {
        "o": { "a": 0, "k": 100, "ix": 11 },
        "r": { "a": 0, "k": 0, "ix": 10 },
        "p": { "a": 0, "k": [50, 50, 0], "ix": 2 },
        "a": { "a": 0, "k": [50, 50, 0], "ix": 1 },
        "s": { "a": 0, "k": [100, 100, 100], "ix": 6 }
      },
      "ao": 0,
      "w": 100,
      "h": 100,
      "ip": 90,
      "op": 120,
      "st": 90,
      "bm": 0
    },
    {
      "ddd": 0,
      "ind": 3,
      "ty": 4,
      "nm": "spinner 3",
      "td": 1,
      "sr": 1,
      "ks": {
        "o": {
          "a": 1,
          "k": [
            {
              "i": { "x": [0.833], "y": [0.833] },
              "o": { "x": [0.167], "y": [0.167] },
              "t": -1,
              "s": [0]
            },
            { "t": 6.99963440002503, "s": [100] }
          ],
          "ix": 11
        },
        "r": { "a": 0, "k": 0, "ix": 10 },
        "p": { "a": 0, "k": [49, 50.75, 0], "ix": 2 },
        "a": { "a": 0, "k": [160, 284, 0], "ix": 1 },
        "s": { "a": 0, "k": [80, 80, 100], "ix": 6 }
      },
      "ao": 0,
      "shapes": [
        {
          "ty": "gr",
          "it": [
            {
              "ind": 0,
              "ty": "sh",
              "ix": 1,
              "ks": {
                "a": 0,
                "k": {
                  "i": [
                    [0, 19.882],
                    [19.882, 0],
                    [0, -19.882],
                    [-19.882, 0]
                  ],
                  "o": [
                    [0, -19.882],
                    [-19.882, 0],
                    [0, 19.882],
                    [19.882, 0]
                  ],
                  "v": [
                    [36, 0],
                    [0, -36],
                    [-36, 0],
                    [0, 36]
                  ],
                  "c": true
                },
                "ix": 2
              },
              "nm": "Path 1",
              "mn": "ADBE Vector Shape - Group",
              "hd": false
            },
            {
              "ty": "tm",
              "s": {
                "a": 1,
                "k": [
                  {
                    "i": { "x": [0.667], "y": [1] },
                    "o": { "x": [0.167], "y": [0.167] },
                    "t": 0.025,
                    "s": [100]
                  },
                  {
                    "i": { "x": [0.833], "y": [1] },
                    "o": { "x": [0.167], "y": [0] },
                    "t": 58.084,
                    "s": [0]
                  },
                  { "t": 102.126587525025, "s": [0] }
                ],
                "ix": 1
              },
              "e": {
                "a": 1,
                "k": [
                  {
                    "i": { "x": [0.833], "y": [0.833] },
                    "o": { "x": [0.333], "y": [0] },
                    "t": 40.066,
                    "s": [100]
                  },
                  { "t": 120.146118775025, "s": [1] }
                ],
                "ix": 2
              },
              "o": { "a": 0, "k": 0, "ix": 3 },
              "m": 1,
              "ix": 2,
              "nm": "Trim Paths 1",
              "mn": "ADBE Vector Filter - Trim",
              "hd": false
            },
            {
              "ty": "st",
              "c": { "a": 0, "k": [0.32, 0.6487, 1, 1], "ix": 3 },
              "o": { "a": 0, "k": 100, "ix": 4 },
              "w": { "a": 0, "k": 10, "ix": 5 },
              "lc": 2,
              "lj": 1,
              "ml": 10,
              "bm": 0,
              "nm": "Stroke 1",
              "mn": "ADBE Vector Graphic - Stroke",
              "hd": false
            },
            {
              "ty": "tr",
              "p": { "a": 0, "k": [161.992, 287.195], "ix": 2 },
              "a": { "a": 0, "k": [0, 0], "ix": 1 },
              "s": { "a": 0, "k": [28, 28], "ix": 3 },
              "r": {
                "a": 1,
                "k": [
                  {
                    "i": { "x": [0.667], "y": [1] },
                    "o": { "x": [0.167], "y": [0.167] },
                    "t": 0.025,
                    "s": [-90]
                  },
                  { "t": 118.142212525025, "s": [270] }
                ],
                "ix": 6
              },
              "o": { "a": 0, "k": 100, "ix": 7 },
              "sk": { "a": 0, "k": 0, "ix": 4 },
              "sa": { "a": 0, "k": 0, "ix": 5 },
              "nm": "Transform"
            }
          ],
          "nm": "Group 1",
          "np": 3,
          "cix": 2,
          "bm": 0,
          "ix": 1,
          "mn": "ADBE Vector Group",
          "hd": false
        }
      ],
      "ip": 60,
      "op": 90,
      "st": 0.02502502502503,
      "bm": 0
    },
    {
      "ddd": 0,
      "ind": 4,
      "ty": 0,
      "nm": "Cloud animation",
      "tt": 2,
      "refId": "comp_0",
      "sr": 1,
      "ks": {
        "o": { "a": 0, "k": 100, "ix": 11 },
        "r": { "a": 0, "k": 0, "ix": 10 },
        "p": { "a": 0, "k": [50, 50, 0], "ix": 2 },
        "a": { "a": 0, "k": [50, 50, 0], "ix": 1 },
        "s": { "a": 0, "k": [100, 100, 100], "ix": 6 }
      },
      "ao": 0,
      "w": 100,
      "h": 100,
      "ip": 60,
      "op": 90,
      "st": 60,
      "bm": 0
    },
    {
      "ddd": 0,
      "ind": 5,
      "ty": 4,
      "nm": "spinner 2",
      "td": 1,
      "sr": 1,
      "ks": {
        "o": {
          "a": 1,
          "k": [
            {
              "i": { "x": [0.833], "y": [0.833] },
              "o": { "x": [0.167], "y": [0.167] },
              "t": -1,
              "s": [0]
            },
            { "t": 6.99963440002503, "s": [100] }
          ],
          "ix": 11
        },
        "r": { "a": 0, "k": 0, "ix": 10 },
        "p": { "a": 0, "k": [49, 50.75, 0], "ix": 2 },
        "a": { "a": 0, "k": [160, 284, 0], "ix": 1 },
        "s": { "a": 0, "k": [80, 80, 100], "ix": 6 }
      },
      "ao": 0,
      "shapes": [
        {
          "ty": "gr",
          "it": [
            {
              "ind": 0,
              "ty": "sh",
              "ix": 1,
              "ks": {
                "a": 0,
                "k": {
                  "i": [
                    [0, 19.882],
                    [19.882, 0],
                    [0, -19.882],
                    [-19.882, 0]
                  ],
                  "o": [
                    [0, -19.882],
                    [-19.882, 0],
                    [0, 19.882],
                    [19.882, 0]
                  ],
                  "v": [
                    [36, 0],
                    [0, -36],
                    [-36, 0],
                    [0, 36]
                  ],
                  "c": true
                },
                "ix": 2
              },
              "nm": "Path 1",
              "mn": "ADBE Vector Shape - Group",
              "hd": false
            },
            {
              "ty": "tm",
              "s": {
                "a": 1,
                "k": [
                  {
                    "i": { "x": [0.667], "y": [1] },
                    "o": { "x": [0.167], "y": [0.167] },
                    "t": 0.025,
                    "s": [100]
                  },
                  {
                    "i": { "x": [0.833], "y": [1] },
                    "o": { "x": [0.167], "y": [0] },
                    "t": 58.084,
                    "s": [0]
                  },
                  { "t": 102.126587525025, "s": [0] }
                ],
                "ix": 1
              },
              "e": {
                "a": 1,
                "k": [
                  {
                    "i": { "x": [0.833], "y": [0.833] },
                    "o": { "x": [0.333], "y": [0] },
                    "t": 40.066,
                    "s": [100]
                  },
                  { "t": 120.146118775025, "s": [1] }
                ],
                "ix": 2
              },
              "o": { "a": 0, "k": 0, "ix": 3 },
              "m": 1,
              "ix": 2,
              "nm": "Trim Paths 1",
              "mn": "ADBE Vector Filter - Trim",
              "hd": false
            },
            {
              "ty": "st",
              "c": { "a": 0, "k": [0.32, 0.6487, 1, 1], "ix": 3 },
              "o": { "a": 0, "k": 100, "ix": 4 },
              "w": { "a": 0, "k": 10, "ix": 5 },
              "lc": 2,
              "lj": 1,
              "ml": 10,
              "bm": 0,
              "nm": "Stroke 1",
              "mn": "ADBE Vector Graphic - Stroke",
              "hd": false
            },
            {
              "ty": "tr",
              "p": { "a": 0, "k": [161.992, 287.195], "ix": 2 },
              "a": { "a": 0, "k": [0, 0], "ix": 1 },
              "s": { "a": 0, "k": [28, 28], "ix": 3 },
              "r": {
                "a": 1,
                "k": [
                  {
                    "i": { "x": [0.667], "y": [1] },
                    "o": { "x": [0.167], "y": [0.167] },
                    "t": 0.025,
                    "s": [-90]
                  },
                  { "t": 118.142212525025, "s": [270] }
                ],
                "ix": 6
              },
              "o": { "a": 0, "k": 100, "ix": 7 },
              "sk": { "a": 0, "k": 0, "ix": 4 },
              "sa": { "a": 0, "k": 0, "ix": 5 },
              "nm": "Transform"
            }
          ],
          "nm": "Group 1",
          "np": 3,
          "cix": 2,
          "bm": 0,
          "ix": 1,
          "mn": "ADBE Vector Group",
          "hd": false
        }
      ],
      "ip": 30,
      "op": 60,
      "st": 0.02502502502503,
      "bm": 0
    },
    {
      "ddd": 0,
      "ind": 6,
      "ty": 0,
      "nm": "Cloud animation",
      "tt": 2,
      "refId": "comp_0",
      "sr": 1,
      "ks": {
        "o": { "a": 0, "k": 100, "ix": 11 },
        "r": { "a": 0, "k": 0, "ix": 10 },
        "p": { "a": 0, "k": [50, 50, 0], "ix": 2 },
        "a": { "a": 0, "k": [50, 50, 0], "ix": 1 },
        "s": { "a": 0, "k": [100, 100, 100], "ix": 6 }
      },
      "ao": 0,
      "w": 100,
      "h": 100,
      "ip": 30,
      "op": 60,
      "st": 30,
      "bm": 0
    },
    {
      "ddd": 0,
      "ind": 7,
      "ty": 4,
      "nm": "spinner",
      "td": 1,
      "sr": 1,
      "ks": {
        "o": {
          "a": 1,
          "k": [
            {
              "i": { "x": [0.833], "y": [0.833] },
              "o": { "x": [0.167], "y": [0.167] },
              "t": -1,
              "s": [0]
            },
            { "t": 6.99963440002503, "s": [100] }
          ],
          "ix": 11
        },
        "r": { "a": 0, "k": 0, "ix": 10 },
        "p": { "a": 0, "k": [49, 50.75, 0], "ix": 2 },
        "a": { "a": 0, "k": [160, 284, 0], "ix": 1 },
        "s": { "a": 0, "k": [80, 80, 100], "ix": 6 }
      },
      "ao": 0,
      "shapes": [
        {
          "ty": "gr",
          "it": [
            {
              "ind": 0,
              "ty": "sh",
              "ix": 1,
              "ks": {
                "a": 0,
                "k": {
                  "i": [
                    [0, 19.882],
                    [19.882, 0],
                    [0, -19.882],
                    [-19.882, 0]
                  ],
                  "o": [
                    [0, -19.882],
                    [-19.882, 0],
                    [0, 19.882],
                    [19.882, 0]
                  ],
                  "v": [
                    [36, 0],
                    [0, -36],
                    [-36, 0],
                    [0, 36]
                  ],
                  "c": true
                },
                "ix": 2
              },
              "nm": "Path 1",
              "mn": "ADBE Vector Shape - Group",
              "hd": false
            },
            {
              "ty": "tm",
              "s": {
                "a": 1,
                "k": [
                  {
                    "i": { "x": [0.667], "y": [1] },
                    "o": { "x": [0.167], "y": [0.167] },
                    "t": 0.025,
                    "s": [100]
                  },
                  {
                    "i": { "x": [0.833], "y": [1] },
                    "o": { "x": [0.167], "y": [0] },
                    "t": 58.084,
                    "s": [0]
                  },
                  { "t": 102.126587525025, "s": [0] }
                ],
                "ix": 1
              },
              "e": {
                "a": 1,
                "k": [
                  {
                    "i": { "x": [0.833], "y": [0.833] },
                    "o": { "x": [0.333], "y": [0] },
                    "t": 40.066,
                    "s": [100]
                  },
                  { "t": 120.146118775025, "s": [1] }
                ],
                "ix": 2
              },
              "o": { "a": 0, "k": 0, "ix": 3 },
              "m": 1,
              "ix": 2,
              "nm": "Trim Paths 1",
              "mn": "ADBE Vector Filter - Trim",
              "hd": false
            },
            {
              "ty": "st",
              "c": { "a": 0, "k": [0.32, 0.6487, 1, 1], "ix": 3 },
              "o": { "a": 0, "k": 100, "ix": 4 },
              "w": { "a": 0, "k": 10, "ix": 5 },
              "lc": 2,
              "lj": 1,
              "ml": 10,
              "bm": 0,
              "nm": "Stroke 1",
              "mn": "ADBE Vector Graphic - Stroke",
              "hd": false
            },
            {
              "ty": "tr",
              "p": { "a": 0, "k": [161.992, 287.195], "ix": 2 },
              "a": { "a": 0, "k": [0, 0], "ix": 1 },
              "s": { "a": 0, "k": [28, 28], "ix": 3 },
              "r": {
                "a": 1,
                "k": [
                  {
                    "i": { "x": [0.667], "y": [1] },
                    "o": { "x": [0.167], "y": [0.167] },
                    "t": 0.025,
                    "s": [-90]
                  },
                  { "t": 118.142212525025, "s": [270] }
                ],
                "ix": 6
              },
              "o": { "a": 0, "k": 100, "ix": 7 },
              "sk": { "a": 0, "k": 0, "ix": 4 },
              "sa": { "a": 0, "k": 0, "ix": 5 },
              "nm": "Transform"
            }
          ],
          "nm": "Group 1",
          "np": 3,
          "cix": 2,
          "bm": 0,
          "ix": 1,
          "mn": "ADBE Vector Group",
          "hd": false
        }
      ],
      "ip": 0.02502502502503,
      "op": 30,
      "st": 0.02502502502503,
      "bm": 0
    },
    {
      "ddd": 0,
      "ind": 8,
      "ty": 0,
      "nm": "Cloud animation",
      "tt": 2,
      "refId": "comp_0",
      "sr": 1,
      "ks": {
        "o": { "a": 0, "k": 100, "ix": 11 },
        "r": { "a": 0, "k": 0, "ix": 10 },
        "p": { "a": 0, "k": [50, 50, 0], "ix": 2 },
        "a": { "a": 0, "k": [50, 50, 0], "ix": 1 },
        "s": { "a": 0, "k": [100, 100, 100], "ix": 6 }
      },
      "ao": 0,
      "w": 100,
      "h": 100,
      "ip": 0,
      "op": 30,
      "st": 0,
      "bm": 0
    }
  ],
  "markers": []
}
