{
  "v": "5.6.8",
  "fr": 25,
  "ip": 0,
  "op": 60,
  "w": 1080,
  "h": 1080,
  "nm": "Numbers",
  "ddd": 0,
  "assets": [
    {
      "id": "comp_0",
      "layers": [
        {
          "ddd": 0,
          "ind": 1,
          "ty": 4,
          "nm": "Layer 5 Outlines",
          "sr": 1,
          "ks": {
            "o": { "a": 0, "k": 15, "ix": 11 },
            "r": { "a": 0, "k": 0, "ix": 10 },
            "p": { "a": 0, "k": [556.297, 727.309, 0], "ix": 2 },
            "a": { "a": 0, "k": [67.665, 14.47, 0], "ix": 1 },
            "s": {
              "a": 1,
              "k": [
                {
                  "i": { "x": [0.667, 0.667, 0.667], "y": [1, 1, 1] },
                  "o": { "x": [0.333, 0.333, 0.333], "y": [0, 0, 0] },
                  "t": 0,
                  "s": [137, 100, 100]
                },
                {
                  "i": { "x": [0.303, 0.667, 0.667], "y": [1, 1, 1] },
                  "o": { "x": [0.333, 0.333, 0.333], "y": [0, 0, 0] },
                  "t": 10,
                  "s": [117, 100, 100]
                },
                {
                  "i": { "x": [0.667, 0.667, 0.667], "y": [1, 1, 1] },
                  "o": { "x": [0.82, 0.333, 0.333], "y": [0, 0, 0] },
                  "t": 20,
                  "s": [224, 100, 100]
                },
                {
                  "i": { "x": [0.667, 0.667, 0.667], "y": [1, 1, 1] },
                  "o": { "x": [0.333, 0.333, 0.333], "y": [0, 0, 0] },
                  "t": 27,
                  "s": [117, 100, 100]
                },
                { "t": 34, "s": [137, 100, 100] }
              ],
              "ix": 6
            }
          },
          "ao": 0,
          "shapes": [
            {
              "ty": "gr",
              "it": [
                {
                  "ind": 0,
                  "ty": "sh",
                  "ix": 1,
                  "ks": {
                    "a": 0,
                    "k": {
                      "i": [
                        [0, -7.85],
                        [37.24, 0],
                        [0, 7.85],
                        [-37.23, 0]
                      ],
                      "o": [
                        [0, 7.85],
                        [-37.23, 0],
                        [0, -7.85],
                        [37.24, 0]
                      ],
                      "v": [
                        [67.415, 0],
                        [-0.005, 14.22],
                        [-67.415, 0],
                        [-0.005, -14.22]
                      ],
                      "c": true
                    },
                    "ix": 2
                  },
                  "nm": "Path 1",
                  "mn": "ADBE Vector Shape - Group",
                  "hd": false
                },
                {
                  "ty": "fl",
                  "c": { "a": 0, "k": [0, 0, 0, 1], "ix": 4 },
                  "o": { "a": 0, "k": 100, "ix": 5 },
                  "r": 1,
                  "bm": 0,
                  "nm": "Fill 1",
                  "mn": "ADBE Vector Graphic - Fill",
                  "hd": false
                },
                {
                  "ty": "tr",
                  "p": { "a": 0, "k": [67.665, 14.47], "ix": 2 },
                  "a": { "a": 0, "k": [0, 0], "ix": 1 },
                  "s": { "a": 0, "k": [100, 100], "ix": 3 },
                  "r": { "a": 0, "k": 0, "ix": 6 },
                  "o": { "a": 0, "k": 100, "ix": 7 },
                  "sk": { "a": 0, "k": 0, "ix": 4 },
                  "sa": { "a": 0, "k": 0, "ix": 5 },
                  "nm": "Transform"
                }
              ],
              "nm": "Group 1",
              "np": 2,
              "cix": 2,
              "bm": 0,
              "ix": 1,
              "mn": "ADBE Vector Group",
              "hd": false
            }
          ],
          "ip": 0,
          "op": 60,
          "st": 0,
          "bm": 0
        },
        {
          "ddd": 0,
          "ind": 2,
          "ty": 4,
          "nm": "Layer 7 Outlines",
          "sr": 1,
          "ks": {
            "o": { "a": 0, "k": 15, "ix": 11 },
            "r": { "a": 0, "k": 0, "ix": 10 },
            "p": { "a": 0, "k": [420.39, 722.217, 0], "ix": 2 },
            "a": { "a": 0, "k": [218.503, 9.425, 0], "ix": 1 },
            "s": {
              "a": 1,
              "k": [
                {
                  "i": { "x": [0.337, 0.336, 0.667], "y": [1, 1, 1] },
                  "o": { "x": [0.333, 0.333, 0.333], "y": [0, 0, 0] },
                  "t": 3,
                  "s": [100, 100, 100]
                },
                {
                  "i": { "x": [0.337, 0.336, 0.667], "y": [1, 1, 1] },
                  "o": { "x": [0.333, 0.333, 0.333], "y": [0, 0, 0] },
                  "t": 16,
                  "s": [54, 100, 100]
                },
                {
                  "i": { "x": [0.337, 0.336, 0.667], "y": [1, 1, 1] },
                  "o": { "x": [0.333, 0.333, 0.333], "y": [0, 0, 0] },
                  "t": 29,
                  "s": [159, 100, 100]
                },
                {
                  "i": { "x": [0.337, 0.336, 0.667], "y": [1, 1, 1] },
                  "o": { "x": [0.333, 0.333, 0.333], "y": [0, 0, 0] },
                  "t": 42,
                  "s": [54, 100, 100]
                },
                { "t": 55, "s": [100, 100, 100] }
              ],
              "ix": 6
            }
          },
          "ao": 0,
          "shapes": [
            {
              "ty": "gr",
              "it": [
                {
                  "ind": 0,
                  "ty": "sh",
                  "ix": 1,
                  "ks": {
                    "a": 0,
                    "k": {
                      "i": [
                        [0, -5.07],
                        [71.053, 0],
                        [0, 5.061],
                        [-71.054, 0]
                      ],
                      "o": [
                        [0, 5.061],
                        [-71.054, 0],
                        [0, -5.07],
                        [71.053, 0]
                      ],
                      "v": [
                        [128.655, 0.005],
                        [-0.015, 9.175],
                        [-128.655, 0.005],
                        [-0.015, -9.175]
                      ],
                      "c": true
                    },
                    "ix": 2
                  },
                  "nm": "Path 1",
                  "mn": "ADBE Vector Shape - Group",
                  "hd": false
                },
                {
                  "ty": "fl",
                  "c": { "a": 0, "k": [0, 0, 0, 1], "ix": 4 },
                  "o": { "a": 0, "k": 100, "ix": 5 },
                  "r": 1,
                  "bm": 0,
                  "nm": "Fill 1",
                  "mn": "ADBE Vector Graphic - Fill",
                  "hd": false
                },
                {
                  "ty": "tr",
                  "p": { "a": 0, "k": [128.905, 9.425], "ix": 2 },
                  "a": { "a": 0, "k": [0, 0], "ix": 1 },
                  "s": { "a": 0, "k": [100, 100], "ix": 3 },
                  "r": { "a": 0, "k": 0, "ix": 6 },
                  "o": { "a": 0, "k": 100, "ix": 7 },
                  "sk": { "a": 0, "k": 0, "ix": 4 },
                  "sa": { "a": 0, "k": 0, "ix": 5 },
                  "nm": "Transform"
                }
              ],
              "nm": "Group 1",
              "np": 2,
              "cix": 2,
              "bm": 0,
              "ix": 1,
              "mn": "ADBE Vector Group",
              "hd": false
            }
          ],
          "ip": 0,
          "op": 60,
          "st": 0,
          "bm": 0
        },
        {
          "ddd": 0,
          "ind": 3,
          "ty": 4,
          "nm": "Layer 3 Outlines",
          "sr": 1,
          "ks": {
            "o": { "a": 0, "k": 100, "ix": 11 },
            "r": {
              "a": 1,
              "k": [
                {
                  "i": { "x": [0.341], "y": [1] },
                  "o": { "x": [0.333], "y": [0] },
                  "t": 3,
                  "s": [0]
                },
                {
                  "i": { "x": [0.341], "y": [1] },
                  "o": { "x": [0.333], "y": [0] },
                  "t": 16,
                  "s": [7]
                },
                {
                  "i": { "x": [0.341], "y": [1] },
                  "o": { "x": [0.333], "y": [0] },
                  "t": 29,
                  "s": [-20]
                },
                {
                  "i": { "x": [0.341], "y": [1] },
                  "o": { "x": [0.333], "y": [0] },
                  "t": 42,
                  "s": [7]
                },
                { "t": 55, "s": [0] }
              ],
              "ix": 10
            },
            "p": { "a": 0, "k": [420.39, 722.217, 0], "ix": 2 },
            "a": { "a": 0, "k": [189.216, 409.271, 0], "ix": 1 },
            "s": { "a": 0, "k": [100, 100, 100], "ix": 6 }
          },
          "ao": 0,
          "shapes": [
            {
              "ty": "gr",
              "it": [
                {
                  "ind": 0,
                  "ty": "sh",
                  "ix": 1,
                  "ks": {
                    "a": 0,
                    "k": {
                      "i": [
                        [0, 0],
                        [0, 0]
                      ],
                      "o": [
                        [0, 0],
                        [0, 0]
                      ],
                      "v": [
                        [74.482, 181.283],
                        [-74.482, -181.283]
                      ],
                      "c": false
                    },
                    "ix": 2
                  },
                  "nm": "Path 1",
                  "mn": "ADBE Vector Shape - Group",
                  "hd": false
                },
                {
                  "ty": "st",
                  "c": { "a": 0, "k": [0, 0, 0, 1], "ix": 3 },
                  "o": { "a": 0, "k": 100, "ix": 4 },
                  "w": { "a": 0, "k": 6, "ix": 5 },
                  "lc": 2,
                  "lj": 2,
                  "bm": 0,
                  "nm": "Stroke 1",
                  "mn": "ADBE Vector Graphic - Stroke",
                  "hd": false
                },
                {
                  "ty": "tr",
                  "p": { "a": 0, "k": [114.734, 225.097], "ix": 2 },
                  "a": { "a": 0, "k": [0, 0], "ix": 1 },
                  "s": { "a": 0, "k": [100, 100], "ix": 3 },
                  "r": { "a": 0, "k": 0, "ix": 6 },
                  "o": { "a": 0, "k": 100, "ix": 7 },
                  "sk": { "a": 0, "k": 0, "ix": 4 },
                  "sa": { "a": 0, "k": 0, "ix": 5 },
                  "nm": "Transform"
                }
              ],
              "nm": "Group 1",
              "np": 2,
              "cix": 2,
              "bm": 0,
              "ix": 1,
              "mn": "ADBE Vector Group",
              "hd": false
            },
            {
              "ty": "gr",
              "it": [
                {
                  "ind": 0,
                  "ty": "sh",
                  "ix": 1,
                  "ks": {
                    "a": 0,
                    "k": {
                      "i": [
                        [-13.492, -2.485],
                        [0, 0],
                        [19.396, 3.572],
                        [2.485, -13.492]
                      ],
                      "o": [
                        [19.396, 3.571],
                        [0, 0],
                        [-13.492, -2.484],
                        [-2.484, 13.492]
                      ],
                      "v": [
                        [-17.79, 23.886],
                        [40.208, 9.31],
                        [-8.794, -24.974],
                        [-37.725, -5.04]
                      ],
                      "c": true
                    },
                    "ix": 2
                  },
                  "nm": "Path 1",
                  "mn": "ADBE Vector Shape - Group",
                  "hd": false
                },
                {
                  "ty": "fl",
                  "c": { "a": 0, "k": [0.7098, 0.4275, 1, 1], "ix": 4 },
                  "o": { "a": 0, "k": 100, "ix": 5 },
                  "r": 1,
                  "bm": 0,
                  "nm": "Fill 1",
                  "mn": "ADBE Vector Graphic - Fill",
                  "hd": false
                },
                {
                  "ty": "tr",
                  "p": { "a": 0, "k": [60.689, 176.108], "ix": 2 },
                  "a": { "a": 0, "k": [0, 0], "ix": 1 },
                  "s": { "a": 0, "k": [100, 100], "ix": 3 },
                  "r": { "a": 0, "k": 0, "ix": 6 },
                  "o": { "a": 0, "k": 100, "ix": 7 },
                  "sk": { "a": 0, "k": 0, "ix": 4 },
                  "sa": { "a": 0, "k": 0, "ix": 5 },
                  "nm": "Transform"
                }
              ],
              "nm": "Group 2",
              "np": 2,
              "cix": 2,
              "bm": 0,
              "ix": 2,
              "mn": "ADBE Vector Group",
              "hd": false
            },
            {
              "ty": "gr",
              "it": [
                {
                  "ind": 0,
                  "ty": "sh",
                  "ix": 1,
                  "ks": {
                    "a": 0,
                    "k": {
                      "i": [
                        [-12.66, -5.287],
                        [0, 0],
                        [18.198, 7.6],
                        [5.287, -12.66]
                      ],
                      "o": [
                        [18.199, 7.599],
                        [0, 0],
                        [-12.66, -5.286],
                        [-5.286, 12.66]
                      ],
                      "v": [
                        [-20.566, 21.766],
                        [39.205, 19.808],
                        [-1.422, -24.079],
                        [-33.919, -10.727]
                      ],
                      "c": true
                    },
                    "ix": 2
                  },
                  "nm": "Path 1",
                  "mn": "ADBE Vector Shape - Group",
                  "hd": false
                },
                {
                  "ty": "fl",
                  "c": { "a": 0, "k": [0.7098, 0.4275, 1, 1], "ix": 4 },
                  "o": { "a": 0, "k": 100, "ix": 5 },
                  "r": 1,
                  "bm": 0,
                  "nm": "Fill 1",
                  "mn": "ADBE Vector Graphic - Fill",
                  "hd": false
                },
                {
                  "ty": "tr",
                  "p": { "a": 0, "k": [39.455, 111.485], "ix": 2 },
                  "a": { "a": 0, "k": [0, 0], "ix": 1 },
                  "s": { "a": 0, "k": [100, 100], "ix": 3 },
                  "r": { "a": 0, "k": 0, "ix": 6 },
                  "o": { "a": 0, "k": 100, "ix": 7 },
                  "sk": { "a": 0, "k": 0, "ix": 4 },
                  "sa": { "a": 0, "k": 0, "ix": 5 },
                  "nm": "Transform"
                }
              ],
              "nm": "Group 3",
              "np": 2,
              "cix": 2,
              "bm": 0,
              "ix": 3,
              "mn": "ADBE Vector Group",
              "hd": false
            },
            {
              "ty": "gr",
              "it": [
                {
                  "ind": 0,
                  "ty": "sh",
                  "ix": 1,
                  "ks": {
                    "a": 0,
                    "k": {
                      "i": [
                        [7.848, -11.252],
                        [0, 0],
                        [-11.282, 16.175],
                        [-11.253, -7.849]
                      ],
                      "o": [
                        [-11.282, 16.176],
                        [0, 0],
                        [7.849, -11.253],
                        [11.252, 7.848]
                      ],
                      "v": [
                        [22.092, 6.012],
                        [-29.403, 36.422],
                        [-18.658, -22.409],
                        [15.93, -28.573]
                      ],
                      "c": true
                    },
                    "ix": 2
                  },
                  "nm": "Path 1",
                  "mn": "ADBE Vector Shape - Group",
                  "hd": false
                },
                {
                  "ty": "fl",
                  "c": { "a": 0, "k": [0.7098, 0.4275, 1, 1], "ix": 4 },
                  "o": { "a": 0, "k": 100, "ix": 5 },
                  "r": 1,
                  "bm": 0,
                  "nm": "Fill 1",
                  "mn": "ADBE Vector Graphic - Fill",
                  "hd": false
                },
                {
                  "ty": "tr",
                  "p": { "a": 0, "k": [126.08, 150.73], "ix": 2 },
                  "a": { "a": 0, "k": [0, 0], "ix": 1 },
                  "s": { "a": 0, "k": [100, 100], "ix": 3 },
                  "r": { "a": 0, "k": 0, "ix": 6 },
                  "o": { "a": 0, "k": 100, "ix": 7 },
                  "sk": { "a": 0, "k": 0, "ix": 4 },
                  "sa": { "a": 0, "k": 0, "ix": 5 },
                  "nm": "Transform"
                }
              ],
              "nm": "Group 4",
              "np": 2,
              "cix": 2,
              "bm": 0,
              "ix": 4,
              "mn": "ADBE Vector Group",
              "hd": false
            },
            {
              "ty": "gr",
              "it": [
                {
                  "ind": 0,
                  "ty": "sh",
                  "ix": 1,
                  "ks": {
                    "a": 0,
                    "k": {
                      "i": [
                        [5.286, -12.66],
                        [0, 0],
                        [-7.599, 18.199],
                        [-12.66, -5.286]
                      ],
                      "o": [
                        [-7.6, 18.199],
                        [0, 0],
                        [5.287, -12.659],
                        [12.66, 5.287]
                      ],
                      "v": [
                        [24.079, -1.424],
                        [-19.804, 39.204],
                        [-21.766, -20.568],
                        [10.731, -33.919]
                      ],
                      "c": true
                    },
                    "ix": 2
                  },
                  "nm": "Path 1",
                  "mn": "ADBE Vector Shape - Group",
                  "hd": false
                },
                {
                  "ty": "fl",
                  "c": { "a": 0, "k": [0.7098, 0.4275, 1, 1], "ix": 4 },
                  "o": { "a": 0, "k": 100, "ix": 5 },
                  "r": 1,
                  "bm": 0,
                  "nm": "Fill 1",
                  "mn": "ADBE Vector Graphic - Fill",
                  "hd": false
                },
                {
                  "ty": "tr",
                  "p": { "a": 0, "k": [94.244, 93.822], "ix": 2 },
                  "a": { "a": 0, "k": [0, 0], "ix": 1 },
                  "s": { "a": 0, "k": [100, 100], "ix": 3 },
                  "r": { "a": 0, "k": 0, "ix": 6 },
                  "o": { "a": 0, "k": 100, "ix": 7 },
                  "sk": { "a": 0, "k": 0, "ix": 4 },
                  "sa": { "a": 0, "k": 0, "ix": 5 },
                  "nm": "Transform"
                }
              ],
              "nm": "Group 5",
              "np": 2,
              "cix": 2,
              "bm": 0,
              "ix": 5,
              "mn": "ADBE Vector Group",
              "hd": false
            },
            {
              "ty": "gr",
              "it": [
                {
                  "ind": 0,
                  "ty": "sh",
                  "ix": 1,
                  "ks": {
                    "a": 0,
                    "k": {
                      "i": [
                        [-5.544, -13.493],
                        [0, 0],
                        [7.969, 19.397],
                        [-13.493, 5.544]
                      ],
                      "o": [
                        [7.969, 19.397],
                        [0, 0],
                        [-5.544, -13.493],
                        [13.494, -5.544]
                      ],
                      "v": [
                        [23.219, -21.802],
                        [20.772, 41.741],
                        [-25.644, -1.725],
                        [-11.25, -36.198]
                      ],
                      "c": true
                    },
                    "ix": 2
                  },
                  "nm": "Path 1",
                  "mn": "ADBE Vector Shape - Group",
                  "hd": false
                },
                {
                  "ty": "fl",
                  "c": { "a": 0, "k": [0.7098, 0.4275, 1, 1], "ix": 4 },
                  "o": { "a": 0, "k": 100, "ix": 5 },
                  "r": 1,
                  "bm": 0,
                  "nm": "Fill 1",
                  "mn": "ADBE Vector Graphic - Fill",
                  "hd": false
                },
                {
                  "ty": "tr",
                  "p": { "a": 0, "k": [35.883, 41.992], "ix": 2 },
                  "a": { "a": 0, "k": [0, 0], "ix": 1 },
                  "s": { "a": 0, "k": [100, 100], "ix": 3 },
                  "r": { "a": 0, "k": 0, "ix": 6 },
                  "o": { "a": 0, "k": 100, "ix": 7 },
                  "sk": { "a": 0, "k": 0, "ix": 4 },
                  "sa": { "a": 0, "k": 0, "ix": 5 },
                  "nm": "Transform"
                }
              ],
              "nm": "Group 6",
              "np": 2,
              "cix": 2,
              "bm": 0,
              "ix": 6,
              "mn": "ADBE Vector Group",
              "hd": false
            }
          ],
          "ip": 0,
          "op": 60,
          "st": 0,
          "bm": 0
        },
        {
          "ddd": 0,
          "ind": 4,
          "ty": 4,
          "nm": "Layer 2 Outlines",
          "sr": 1,
          "ks": {
            "o": { "a": 0, "k": 100, "ix": 11 },
            "r": {
              "a": 1,
              "k": [
                {
                  "i": { "x": [0.341], "y": [1] },
                  "o": { "x": [0.333], "y": [0] },
                  "t": 0,
                  "s": [0]
                },
                {
                  "i": { "x": [0.341], "y": [1] },
                  "o": { "x": [0.333], "y": [0] },
                  "t": 13,
                  "s": [-7]
                },
                {
                  "i": { "x": [0.341], "y": [1] },
                  "o": { "x": [0.333], "y": [0] },
                  "t": 26,
                  "s": [20]
                },
                {
                  "i": { "x": [0.341], "y": [1] },
                  "o": { "x": [0.333], "y": [0] },
                  "t": 39,
                  "s": [-7]
                },
                { "t": 52, "s": [0] }
              ],
              "ix": 10
            },
            "p": { "a": 0, "k": [689.339, 726.39, 0], "ix": 2 },
            "a": { "a": 0, "k": [22.553, 367.963, 0], "ix": 1 },
            "s": { "a": 0, "k": [100, 100, 100], "ix": 6 }
          },
          "ao": 0,
          "shapes": [
            {
              "ty": "gr",
              "it": [
                {
                  "ind": 0,
                  "ty": "sh",
                  "ix": 1,
                  "ks": {
                    "a": 0,
                    "k": {
                      "i": [
                        [0, 0],
                        [0, 0],
                        [0, 0]
                      ],
                      "o": [
                        [0, 0],
                        [0, 0],
                        [0, 0]
                      ],
                      "v": [
                        [15.021, -2.66],
                        [-3.234, 9.128],
                        [-15.021, -9.128]
                      ],
                      "c": false
                    },
                    "ix": 2
                  },
                  "nm": "Path 1",
                  "mn": "ADBE Vector Shape - Group",
                  "hd": false
                },
                {
                  "ty": "st",
                  "c": { "a": 0, "k": [0, 0, 0, 1], "ix": 3 },
                  "o": { "a": 0, "k": 100, "ix": 4 },
                  "w": { "a": 0, "k": 6, "ix": 5 },
                  "lc": 2,
                  "lj": 2,
                  "bm": 0,
                  "nm": "Stroke 1",
                  "mn": "ADBE Vector Graphic - Stroke",
                  "hd": false
                },
                {
                  "ty": "tr",
                  "p": { "a": 0, "k": [71.565, 146.214], "ix": 2 },
                  "a": { "a": 0, "k": [0, 0], "ix": 1 },
                  "s": { "a": 0, "k": [100, 100], "ix": 3 },
                  "r": { "a": 0, "k": 0, "ix": 6 },
                  "o": { "a": 0, "k": 100, "ix": 7 },
                  "sk": { "a": 0, "k": 0, "ix": 4 },
                  "sa": { "a": 0, "k": 0, "ix": 5 },
                  "nm": "Transform"
                }
              ],
              "nm": "Group 1",
              "np": 2,
              "cix": 2,
              "bm": 0,
              "ix": 1,
              "mn": "ADBE Vector Group",
              "hd": false
            },
            {
              "ty": "gr",
              "it": [
                {
                  "ind": 0,
                  "ty": "sh",
                  "ix": 1,
                  "ks": {
                    "a": 0,
                    "k": {
                      "i": [
                        [0, 0],
                        [0, 0],
                        [0, 0]
                      ],
                      "o": [
                        [0, 0],
                        [0, 0],
                        [0, 0]
                      ],
                      "v": [
                        [24.907, -4.41],
                        [-5.363, 15.134],
                        [-24.907, -15.134]
                      ],
                      "c": false
                    },
                    "ix": 2
                  },
                  "nm": "Path 1",
                  "mn": "ADBE Vector Shape - Group",
                  "hd": false
                },
                {
                  "ty": "st",
                  "c": { "a": 0, "k": [0, 0, 0, 1], "ix": 3 },
                  "o": { "a": 0, "k": 100, "ix": 4 },
                  "w": { "a": 0, "k": 6, "ix": 5 },
                  "lc": 2,
                  "lj": 2,
                  "bm": 0,
                  "nm": "Stroke 1",
                  "mn": "ADBE Vector Graphic - Stroke",
                  "hd": false
                },
                {
                  "ty": "tr",
                  "p": { "a": 0, "k": [67.55, 168.741], "ix": 2 },
                  "a": { "a": 0, "k": [0, 0], "ix": 1 },
                  "s": { "a": 0, "k": [100, 100], "ix": 3 },
                  "r": { "a": 0, "k": 0, "ix": 6 },
                  "o": { "a": 0, "k": 100, "ix": 7 },
                  "sk": { "a": 0, "k": 0, "ix": 4 },
                  "sa": { "a": 0, "k": 0, "ix": 5 },
                  "nm": "Transform"
                }
              ],
              "nm": "Group 2",
              "np": 2,
              "cix": 2,
              "bm": 0,
              "ix": 2,
              "mn": "ADBE Vector Group",
              "hd": false
            },
            {
              "ty": "gr",
              "it": [
                {
                  "ind": 0,
                  "ty": "sh",
                  "ix": 1,
                  "ks": {
                    "a": 0,
                    "k": {
                      "i": [
                        [0, 0],
                        [0, 0]
                      ],
                      "o": [
                        [0, 0],
                        [0, 0]
                      ],
                      "v": [
                        [27.014, -125.471],
                        [-27.014, 125.471]
                      ],
                      "c": false
                    },
                    "ix": 2
                  },
                  "nm": "Path 1",
                  "mn": "ADBE Vector Shape - Group",
                  "hd": false
                },
                {
                  "ty": "st",
                  "c": { "a": 0, "k": [0, 0, 0, 1], "ix": 3 },
                  "o": { "a": 0, "k": 100, "ix": 4 },
                  "w": { "a": 0, "k": 6, "ix": 5 },
                  "lc": 2,
                  "lj": 2,
                  "bm": 0,
                  "nm": "Stroke 1",
                  "mn": "ADBE Vector Graphic - Stroke",
                  "hd": false
                },
                {
                  "ty": "tr",
                  "p": { "a": 0, "k": [49.567, 242.492], "ix": 2 },
                  "a": { "a": 0, "k": [0, 0], "ix": 1 },
                  "s": { "a": 0, "k": [100, 100], "ix": 3 },
                  "r": { "a": 0, "k": 0, "ix": 6 },
                  "o": { "a": 0, "k": 100, "ix": 7 },
                  "sk": { "a": 0, "k": 0, "ix": 4 },
                  "sa": { "a": 0, "k": 0, "ix": 5 },
                  "nm": "Transform"
                }
              ],
              "nm": "Group 3",
              "np": 2,
              "cix": 2,
              "bm": 0,
              "ix": 3,
              "mn": "ADBE Vector Group",
              "hd": false
            },
            {
              "ty": "gr",
              "it": [
                {
                  "ind": 0,
                  "ty": "sh",
                  "ix": 1,
                  "ks": {
                    "a": 0,
                    "k": {
                      "i": [
                        [2.568, -13.371],
                        [5.497, -3.555],
                        [6.72, 1.447],
                        [0, 0],
                        [1.545, -7.175],
                        [0, 0],
                        [15.859, 3.55],
                        [4.031, 6.243],
                        [-1.703, 7.91],
                        [0, 0],
                        [7.176, 1.544],
                        [0, 0],
                        [-2.568, 13.369],
                        [-5.506, 3.555],
                        [-6.721, -1.447],
                        [0, 0],
                        [-1.545, 7.175],
                        [7.175, 1.544],
                        [0, 0],
                        [-2.585, 13.377],
                        [-5.498, 3.551],
                        [-6.721, -1.447],
                        [0, 0],
                        [-1.545, 7.175],
                        [0, 0],
                        [-15.844, -3.532],
                        [-4.029, -6.241],
                        [1.704, -7.91],
                        [0, 0],
                        [-7.176, -1.544],
                        [0, 0],
                        [2.895, -13.449],
                        [5.349, -3.453],
                        [6.721, 1.447],
                        [0, 0],
                        [1.545, -7.176],
                        [-7.175, -1.545],
                        [0, 0]
                      ],
                      "o": [
                        [-1.34, 6.974],
                        [-5.351, 3.462],
                        [0, 0],
                        [-7.174, -1.545],
                        [0, 0],
                        [-3.42, 15.888],
                        [-7.802, -1.747],
                        [-4.067, -6.298],
                        [0, 0],
                        [1.545, -7.175],
                        [0, 0],
                        [-13.309, -2.865],
                        [1.339, -6.975],
                        [5.358, -3.46],
                        [0, 0],
                        [7.176, 1.545],
                        [1.545, -7.175],
                        [0, 0],
                        [-13.319, -2.868],
                        [1.347, -6.969],
                        [5.358, -3.459],
                        [0, 0],
                        [7.176, 1.545],
                        [0, 0],
                        [3.416, -15.869],
                        [7.813, 1.742],
                        [4.073, 6.307],
                        [0, 0],
                        [-1.545, 7.176],
                        [0, 0],
                        [13.443, 2.894],
                        [-1.447, 6.721],
                        [-5.349, 3.455],
                        [0, 0],
                        [-7.175, -1.545],
                        [-1.544, 7.175],
                        [0, 0],
                        [13.311, 2.866]
                      ],
                      "v": [
                        [58.721, 51.144],
                        [47.772, 67.375],
                        [29.026, 70.8],
                        [28.248, 70.633],
                        [12.459, 80.828],
                        [11.562, 84.995],
                        [-23.599, 107.927],
                        [-41.805, 95.226],
                        [-45.832, 73.167],
                        [-44.825, 68.495],
                        [-55.02, 52.706],
                        [-55.311, 52.643],
                        [-75.011, 23.515],
                        [-64.062, 7.279],
                        [-45.316, 3.855],
                        [-44.539, 4.023],
                        [-28.75, -6.172],
                        [-38.944, -21.961],
                        [-39.239, -22.026],
                        [-58.93, -51.182],
                        [-47.985, -67.396],
                        [-29.238, -70.82],
                        [-28.462, -70.651],
                        [-12.672, -80.846],
                        [-11.774, -85.015],
                        [23.352, -107.945],
                        [41.585, -95.245],
                        [45.618, -73.187],
                        [44.613, -68.513],
                        [54.808, -52.724],
                        [55.584, -52.557],
                        [74.684, -22.968],
                        [63.848, -7.292],
                        [45.102, -3.867],
                        [44.325, -4.034],
                        [28.535, 6.161],
                        [38.73, 21.951],
                        [39.014, 22.011]
                      ],
                      "c": true
                    },
                    "ix": 2
                  },
                  "nm": "Path 1",
                  "mn": "ADBE Vector Shape - Group",
                  "hd": false
                },
                {
                  "ty": "fl",
                  "c": { "a": 0, "k": [0.7098, 0.4275, 1, 1], "ix": 4 },
                  "o": { "a": 0, "k": 100, "ix": 5 },
                  "r": 1,
                  "bm": 0,
                  "nm": "Fill 1",
                  "mn": "ADBE Vector Graphic - Fill",
                  "hd": false
                },
                {
                  "ty": "tr",
                  "p": { "a": 0, "k": [77.829, 111.728], "ix": 2 },
                  "a": { "a": 0, "k": [0, 0], "ix": 1 },
                  "s": { "a": 0, "k": [100, 100], "ix": 3 },
                  "r": { "a": 0, "k": 0, "ix": 6 },
                  "o": { "a": 0, "k": 100, "ix": 7 },
                  "sk": { "a": 0, "k": 0, "ix": 4 },
                  "sa": { "a": 0, "k": 0, "ix": 5 },
                  "nm": "Transform"
                }
              ],
              "nm": "Group 4",
              "np": 2,
              "cix": 2,
              "bm": 0,
              "ix": 4,
              "mn": "ADBE Vector Group",
              "hd": false
            }
          ],
          "ip": 0,
          "op": 60,
          "st": 0,
          "bm": 0
        },
        {
          "ddd": 0,
          "ind": 5,
          "ty": 4,
          "nm": "Layer 6 Outlines",
          "sr": 1,
          "ks": {
            "o": { "a": 0, "k": 15, "ix": 11 },
            "r": { "a": 0, "k": 0, "ix": 10 },
            "p": { "a": 0, "k": [689.339, 729.39, 0], "ix": 2 },
            "a": { "a": 0, "k": [46.278, 13.599, 0], "ix": 1 },
            "s": {
              "a": 1,
              "k": [
                {
                  "i": { "x": [0.337, 0.336, 0.667], "y": [1, 1, 1] },
                  "o": { "x": [0.333, 0.333, 0.333], "y": [0, 0, 0] },
                  "t": 0,
                  "s": [100, 100, 100]
                },
                {
                  "i": { "x": [0.337, 0.336, 0.667], "y": [1, 1, 1] },
                  "o": { "x": [0.333, 0.333, 0.333], "y": [0, 0, 0] },
                  "t": 13,
                  "s": [46, 100, 100]
                },
                {
                  "i": { "x": [0.337, 0.336, 0.667], "y": [1, 1, 1] },
                  "o": { "x": [0.333, 0.333, 0.333], "y": [0, 0, 0] },
                  "t": 26,
                  "s": [129, 100, 100]
                },
                {
                  "i": { "x": [0.337, 0.336, 0.667], "y": [1, 1, 1] },
                  "o": { "x": [0.333, 0.333, 0.333], "y": [0, 0, 0] },
                  "t": 39,
                  "s": [46, 100, 100]
                },
                { "t": 52, "s": [100, 100, 100] }
              ],
              "ix": 6
            }
          },
          "ao": 0,
          "shapes": [
            {
              "ty": "gr",
              "it": [
                {
                  "ind": 0,
                  "ty": "sh",
                  "ix": 1,
                  "ks": {
                    "a": 0,
                    "k": {
                      "i": [
                        [0, -5.07],
                        [71.054, 0],
                        [0, 5.061],
                        [-71.054, 0]
                      ],
                      "o": [
                        [0, 5.061],
                        [-71.054, 0],
                        [0, -5.07],
                        [71.054, 0]
                      ],
                      "v": [
                        [128.655, 0.005],
                        [-0.015, 9.175],
                        [-128.655, 0.005],
                        [-0.015, -9.175]
                      ],
                      "c": true
                    },
                    "ix": 2
                  },
                  "nm": "Path 1",
                  "mn": "ADBE Vector Shape - Group",
                  "hd": false
                },
                {
                  "ty": "fl",
                  "c": { "a": 0, "k": [0, 0, 0, 1], "ix": 4 },
                  "o": { "a": 0, "k": 100, "ix": 5 },
                  "r": 1,
                  "bm": 0,
                  "nm": "Fill 1",
                  "mn": "ADBE Vector Graphic - Fill",
                  "hd": false
                },
                {
                  "ty": "tr",
                  "p": { "a": 0, "k": [128.905, 9.425], "ix": 2 },
                  "a": { "a": 0, "k": [0, 0], "ix": 1 },
                  "s": { "a": 0, "k": [100, 100], "ix": 3 },
                  "r": { "a": 0, "k": 0, "ix": 6 },
                  "o": { "a": 0, "k": 100, "ix": 7 },
                  "sk": { "a": 0, "k": 0, "ix": 4 },
                  "sa": { "a": 0, "k": 0, "ix": 5 },
                  "nm": "Transform"
                }
              ],
              "nm": "Group 1",
              "np": 2,
              "cix": 2,
              "bm": 0,
              "ix": 1,
              "mn": "ADBE Vector Group",
              "hd": false
            }
          ],
          "ip": 0,
          "op": 60,
          "st": 0,
          "bm": 0
        },
        {
          "ddd": 0,
          "ind": 6,
          "ty": 4,
          "nm": "Layer 1 Outlines",
          "sr": 1,
          "ks": {
            "o": { "a": 0, "k": 100, "ix": 11 },
            "r": { "a": 0, "k": 0, "ix": 10 },
            "p": { "a": 0, "k": [509.767, 336.179, 0], "ix": 2 },
            "a": { "a": 0, "k": [66.995, 155.507, 0], "ix": 1 },
            "s": {
              "a": 1,
              "k": [
                {
                  "i": {
                    "x": [0.833, 0.833, 0.833],
                    "y": [0.833, 0.833, 0.833]
                  },
                  "o": {
                    "x": [0.167, 0.167, 0.167],
                    "y": [0.167, 0.167, 0.167]
                  },
                  "t": 0,
                  "s": [79, 79, 100]
                },
                {
                  "i": {
                    "x": [0.833, 0.833, 0.833],
                    "y": [0.833, 0.833, 0.833]
                  },
                  "o": {
                    "x": [0.167, 0.167, 0.167],
                    "y": [0.167, 0.167, 0.167]
                  },
                  "t": 23,
                  "s": [50, 50, 100]
                },
                { "t": 45, "s": [79, 79, 100] }
              ],
              "ix": 6
            }
          },
          "ao": 0,
          "shapes": [
            {
              "ty": "gr",
              "it": [
                {
                  "d": 1,
                  "ty": "el",
                  "s": { "a": 0, "k": [214, 214], "ix": 2 },
                  "p": { "a": 0, "k": [0, 0], "ix": 3 },
                  "nm": "Ellipse Path 1",
                  "mn": "ADBE Vector Shape - Ellipse",
                  "hd": false
                },
                {
                  "ty": "tm",
                  "s": { "a": 0, "k": 0, "ix": 1 },
                  "e": { "a": 0, "k": 25, "ix": 2 },
                  "o": {
                    "a": 1,
                    "k": [
                      {
                        "i": { "x": [0.455], "y": [1] },
                        "o": { "x": [0.333], "y": [0] },
                        "t": 0,
                        "s": [0]
                      },
                      { "t": 45, "s": [1080] }
                    ],
                    "ix": 3
                  },
                  "m": 1,
                  "ix": 2,
                  "nm": "Trim Paths 1",
                  "mn": "ADBE Vector Filter - Trim",
                  "hd": false
                },
                {
                  "ty": "st",
                  "c": { "a": 0, "k": [0, 0, 0, 1], "ix": 3 },
                  "o": { "a": 0, "k": 100, "ix": 4 },
                  "w": { "a": 0, "k": 40, "ix": 5 },
                  "lc": 1,
                  "lj": 1,
                  "ml": 4,
                  "bm": 0,
                  "nm": "Stroke 1",
                  "mn": "ADBE Vector Graphic - Stroke",
                  "hd": false
                },
                {
                  "ty": "tr",
                  "p": { "a": 0, "k": [66.995, 155.507], "ix": 2 },
                  "a": { "a": 0, "k": [0, 0], "ix": 1 },
                  "s": { "a": 0, "k": [100, 100], "ix": 3 },
                  "r": { "a": 0, "k": 0, "ix": 6 },
                  "o": { "a": 0, "k": 100, "ix": 7 },
                  "sk": { "a": 0, "k": 0, "ix": 4 },
                  "sa": { "a": 0, "k": 0, "ix": 5 },
                  "nm": "Transform"
                }
              ],
              "nm": "Ellipse 1",
              "np": 4,
              "cix": 2,
              "bm": 0,
              "ix": 1,
              "mn": "ADBE Vector Group",
              "hd": false
            }
          ],
          "ip": 0,
          "op": 60,
          "st": 0,
          "bm": 0
        },
        {
          "ddd": 0,
          "ind": 7,
          "ty": 4,
          "nm": "Layer 8 Outlines",
          "sr": 1,
          "ks": {
            "o": { "a": 0, "k": 100, "ix": 11 },
            "r": { "a": 0, "k": 0, "ix": 10 },
            "p": { "a": 0, "k": [542.443, 506.257, 0], "ix": 2 },
            "a": { "a": 0, "k": [222.183, 177.689, 0], "ix": 1 },
            "s": { "a": 0, "k": [100, 100, 100], "ix": 6 }
          },
          "ao": 0,
          "shapes": [
            {
              "ty": "gr",
              "it": [
                {
                  "ind": 0,
                  "ty": "sh",
                  "ix": 1,
                  "ks": {
                    "a": 0,
                    "k": {
                      "i": [
                        [0, -6.074],
                        [6.074, 0],
                        [0, 6.082],
                        [-6.082, 0]
                      ],
                      "o": [
                        [0, 6.082],
                        [-6.082, 0],
                        [0, -6.074],
                        [6.074, 0]
                      ],
                      "v": [
                        [11.005, -0.004],
                        [0.004, 11.005],
                        [-11.005, -0.004],
                        [0.004, -11.005]
                      ],
                      "c": true
                    },
                    "ix": 2
                  },
                  "nm": "Path 1",
                  "mn": "ADBE Vector Shape - Group",
                  "hd": false
                },
                {
                  "ty": "fl",
                  "c": { "a": 0, "k": [0, 0, 0, 1], "ix": 4 },
                  "o": { "a": 0, "k": 100, "ix": 5 },
                  "r": 1,
                  "bm": 0,
                  "nm": "Fill 1",
                  "mn": "ADBE Vector Graphic - Fill",
                  "hd": false
                },
                {
                  "ty": "tr",
                  "p": { "a": 0, "k": [433.11, 344.123], "ix": 2 },
                  "a": { "a": 0, "k": [0, 0], "ix": 1 },
                  "s": {
                    "a": 1,
                    "k": [
                      {
                        "i": { "x": [0.833, 0.833], "y": [0.833, 0.833] },
                        "o": { "x": [0.167, 0.167], "y": [0.167, 0.167] },
                        "t": 0,
                        "s": [100, 100]
                      },
                      {
                        "i": { "x": [0.833, 0.833], "y": [0.833, 0.833] },
                        "o": { "x": [0.167, 0.167], "y": [0.167, 0.167] },
                        "t": 5,
                        "s": [150, 150]
                      },
                      {
                        "i": { "x": [0.833, 0.833], "y": [0.833, 0.833] },
                        "o": { "x": [0.167, 0.167], "y": [0.167, 0.167] },
                        "t": 10,
                        "s": [0, 0]
                      },
                      { "t": 35, "s": [100, 100] }
                    ],
                    "ix": 3
                  },
                  "r": { "a": 0, "k": 0, "ix": 6 },
                  "o": { "a": 0, "k": 100, "ix": 7 },
                  "sk": { "a": 0, "k": 0, "ix": 4 },
                  "sa": { "a": 0, "k": 0, "ix": 5 },
                  "nm": "Transform"
                }
              ],
              "nm": "Group 1",
              "np": 2,
              "cix": 2,
              "bm": 0,
              "ix": 1,
              "mn": "ADBE Vector Group",
              "hd": false
            },
            {
              "ty": "gr",
              "it": [
                {
                  "ind": 0,
                  "ty": "sh",
                  "ix": 1,
                  "ks": {
                    "a": 0,
                    "k": {
                      "i": [
                        [0, -4.05],
                        [4.05, 0],
                        [0, 4.055],
                        [-4.055, 0]
                      ],
                      "o": [
                        [0, 4.055],
                        [-4.055, 0],
                        [0, -4.05],
                        [4.05, 0]
                      ],
                      "v": [
                        [7.338, -0.003],
                        [0.002, 7.337],
                        [-7.338, -0.003],
                        [0.002, -7.337]
                      ],
                      "c": true
                    },
                    "ix": 2
                  },
                  "nm": "Path 1",
                  "mn": "ADBE Vector Shape - Group",
                  "hd": false
                },
                {
                  "ty": "fl",
                  "c": { "a": 0, "k": [0, 0, 0, 1], "ix": 4 },
                  "o": { "a": 0, "k": 100, "ix": 5 },
                  "r": 1,
                  "bm": 0,
                  "nm": "Fill 1",
                  "mn": "ADBE Vector Graphic - Fill",
                  "hd": false
                },
                {
                  "ty": "tr",
                  "p": { "a": 0, "k": [56.217, 7.588], "ix": 2 },
                  "a": { "a": 0, "k": [0, 0], "ix": 1 },
                  "s": {
                    "a": 1,
                    "k": [
                      {
                        "i": { "x": [0.833, 0.833], "y": [0.833, 0.833] },
                        "o": { "x": [0.167, 0.167], "y": [0.167, 0.167] },
                        "t": 3,
                        "s": [100, 100]
                      },
                      {
                        "i": { "x": [0.833, 0.833], "y": [0.833, 0.833] },
                        "o": { "x": [0.167, 0.167], "y": [0.167, 0.167] },
                        "t": 8,
                        "s": [150, 150]
                      },
                      {
                        "i": { "x": [0.833, 0.833], "y": [0.833, 0.833] },
                        "o": { "x": [0.167, 0.167], "y": [0.167, 0.167] },
                        "t": 13,
                        "s": [0, 0]
                      },
                      { "t": 38, "s": [100, 100] }
                    ],
                    "ix": 3
                  },
                  "r": { "a": 0, "k": 0, "ix": 6 },
                  "o": { "a": 0, "k": 100, "ix": 7 },
                  "sk": { "a": 0, "k": 0, "ix": 4 },
                  "sa": { "a": 0, "k": 0, "ix": 5 },
                  "nm": "Transform"
                }
              ],
              "nm": "Group 2",
              "np": 2,
              "cix": 2,
              "bm": 0,
              "ix": 2,
              "mn": "ADBE Vector Group",
              "hd": false
            },
            {
              "ty": "gr",
              "it": [
                {
                  "ind": 0,
                  "ty": "sh",
                  "ix": 1,
                  "ks": {
                    "a": 0,
                    "k": {
                      "i": [
                        [0, -4.051],
                        [4.05, 0],
                        [0, 4.055],
                        [-4.056, 0]
                      ],
                      "o": [
                        [0, 4.055],
                        [-4.056, 0],
                        [0, -4.051],
                        [4.05, 0]
                      ],
                      "v": [
                        [7.338, -0.002],
                        [0.003, 7.338],
                        [-7.338, -0.002],
                        [0.003, -7.338]
                      ],
                      "c": true
                    },
                    "ix": 2
                  },
                  "nm": "Path 1",
                  "mn": "ADBE Vector Shape - Group",
                  "hd": false
                },
                {
                  "ty": "fl",
                  "c": { "a": 0, "k": [0, 0, 0, 1], "ix": 4 },
                  "o": { "a": 0, "k": 100, "ix": 5 },
                  "r": 1,
                  "bm": 0,
                  "nm": "Fill 1",
                  "mn": "ADBE Vector Graphic - Fill",
                  "hd": false
                },
                {
                  "ty": "tr",
                  "p": { "a": 0, "k": [315.713, 301.016], "ix": 2 },
                  "a": { "a": 0, "k": [0, 0], "ix": 1 },
                  "s": {
                    "a": 1,
                    "k": [
                      {
                        "i": { "x": [0.833, 0.833], "y": [0.833, 0.833] },
                        "o": { "x": [0.167, 0.167], "y": [0.167, 0.167] },
                        "t": 6,
                        "s": [100, 100]
                      },
                      {
                        "i": { "x": [0.833, 0.833], "y": [0.833, 0.833] },
                        "o": { "x": [0.167, 0.167], "y": [0.167, 0.167] },
                        "t": 11,
                        "s": [150, 150]
                      },
                      {
                        "i": { "x": [0.833, 0.833], "y": [0.833, 0.833] },
                        "o": { "x": [0.167, 0.167], "y": [0.167, 0.167] },
                        "t": 16,
                        "s": [0, 0]
                      },
                      { "t": 41, "s": [100, 100] }
                    ],
                    "ix": 3
                  },
                  "r": { "a": 0, "k": 0, "ix": 6 },
                  "o": { "a": 0, "k": 100, "ix": 7 },
                  "sk": { "a": 0, "k": 0, "ix": 4 },
                  "sa": { "a": 0, "k": 0, "ix": 5 },
                  "nm": "Transform"
                }
              ],
              "nm": "Group 3",
              "np": 2,
              "cix": 2,
              "bm": 0,
              "ix": 3,
              "mn": "ADBE Vector Group",
              "hd": false
            },
            {
              "ty": "gr",
              "it": [
                {
                  "ind": 0,
                  "ty": "sh",
                  "ix": 1,
                  "ks": {
                    "a": 0,
                    "k": {
                      "i": [
                        [0, -4.05],
                        [4.05, 0],
                        [0, 4.055],
                        [-4.056, 0]
                      ],
                      "o": [
                        [0, 4.055],
                        [-4.056, 0],
                        [0, -4.05],
                        [4.05, 0]
                      ],
                      "v": [
                        [7.338, -0.003],
                        [0.003, 7.337],
                        [-7.338, -0.003],
                        [0.003, -7.337]
                      ],
                      "c": true
                    },
                    "ix": 2
                  },
                  "nm": "Path 1",
                  "mn": "ADBE Vector Shape - Group",
                  "hd": false
                },
                {
                  "ty": "fl",
                  "c": { "a": 0, "k": [0, 0, 0, 1], "ix": 4 },
                  "o": { "a": 0, "k": 100, "ix": 5 },
                  "r": 1,
                  "bm": 0,
                  "nm": "Fill 1",
                  "mn": "ADBE Vector Graphic - Fill",
                  "hd": false
                },
                {
                  "ty": "tr",
                  "p": { "a": 0, "k": [330.388, 7.588], "ix": 2 },
                  "a": { "a": 0, "k": [0, 0], "ix": 1 },
                  "s": {
                    "a": 1,
                    "k": [
                      {
                        "i": { "x": [0.833, 0.833], "y": [0.833, 0.833] },
                        "o": { "x": [0.167, 0.167], "y": [0.167, 0.167] },
                        "t": 9,
                        "s": [100, 100]
                      },
                      {
                        "i": { "x": [0.833, 0.833], "y": [0.833, 0.833] },
                        "o": { "x": [0.167, 0.167], "y": [0.167, 0.167] },
                        "t": 14,
                        "s": [150, 150]
                      },
                      {
                        "i": { "x": [0.833, 0.833], "y": [0.833, 0.833] },
                        "o": { "x": [0.167, 0.167], "y": [0.167, 0.167] },
                        "t": 19,
                        "s": [0, 0]
                      },
                      { "t": 44, "s": [100, 100] }
                    ],
                    "ix": 3
                  },
                  "r": { "a": 0, "k": 0, "ix": 6 },
                  "o": { "a": 0, "k": 100, "ix": 7 },
                  "sk": { "a": 0, "k": 0, "ix": 4 },
                  "sa": { "a": 0, "k": 0, "ix": 5 },
                  "nm": "Transform"
                }
              ],
              "nm": "Group 4",
              "np": 2,
              "cix": 2,
              "bm": 0,
              "ix": 4,
              "mn": "ADBE Vector Group",
              "hd": false
            },
            {
              "ty": "gr",
              "it": [
                {
                  "ind": 0,
                  "ty": "sh",
                  "ix": 1,
                  "ks": {
                    "a": 0,
                    "k": {
                      "i": [
                        [0, -4.051],
                        [4.05, 0],
                        [0, 4.055],
                        [-4.055, 0]
                      ],
                      "o": [
                        [0, 4.055],
                        [-4.055, 0],
                        [0, -4.051],
                        [4.05, 0]
                      ],
                      "v": [
                        [7.338, -0.002],
                        [0.002, 7.338],
                        [-7.338, -0.002],
                        [0.002, -7.338]
                      ],
                      "c": true
                    },
                    "ix": 2
                  },
                  "nm": "Path 1",
                  "mn": "ADBE Vector Shape - Group",
                  "hd": false
                },
                {
                  "ty": "fl",
                  "c": { "a": 0, "k": [0, 0, 0, 1], "ix": 4 },
                  "o": { "a": 0, "k": 100, "ix": 5 },
                  "r": 1,
                  "bm": 0,
                  "nm": "Fill 1",
                  "mn": "ADBE Vector Graphic - Fill",
                  "hd": false
                },
                {
                  "ty": "tr",
                  "p": { "a": 0, "k": [7.587, 325.78], "ix": 2 },
                  "a": { "a": 0, "k": [0, 0], "ix": 1 },
                  "s": {
                    "a": 1,
                    "k": [
                      {
                        "i": { "x": [0.833, 0.833], "y": [0.833, 0.833] },
                        "o": { "x": [0.167, 0.167], "y": [0.167, 0.167] },
                        "t": 11,
                        "s": [100, 100]
                      },
                      {
                        "i": { "x": [0.833, 0.833], "y": [0.833, 0.833] },
                        "o": { "x": [0.167, 0.167], "y": [0.167, 0.167] },
                        "t": 16,
                        "s": [150, 150]
                      },
                      {
                        "i": { "x": [0.833, 0.833], "y": [0.833, 0.833] },
                        "o": { "x": [0.167, 0.167], "y": [0.167, 0.167] },
                        "t": 21,
                        "s": [0, 0]
                      },
                      { "t": 46, "s": [100, 100] }
                    ],
                    "ix": 3
                  },
                  "r": { "a": 0, "k": 0, "ix": 6 },
                  "o": { "a": 0, "k": 100, "ix": 7 },
                  "sk": { "a": 0, "k": 0, "ix": 4 },
                  "sa": { "a": 0, "k": 0, "ix": 5 },
                  "nm": "Transform"
                }
              ],
              "nm": "Group 5",
              "np": 2,
              "cix": 2,
              "bm": 0,
              "ix": 5,
              "mn": "ADBE Vector Group",
              "hd": false
            },
            {
              "ty": "gr",
              "it": [
                {
                  "ind": 0,
                  "ty": "sh",
                  "ix": 1,
                  "ks": {
                    "a": 0,
                    "k": {
                      "i": [
                        [0, -8.1],
                        [8.1, 0],
                        [0, 8.11],
                        [-8.11, 0]
                      ],
                      "o": [
                        [0, 8.11],
                        [-8.11, 0],
                        [0, -8.1],
                        [8.1, 0]
                      ],
                      "v": [
                        [14.675, -0.005],
                        [0.005, 14.675],
                        [-14.675, -0.005],
                        [0.005, -14.675]
                      ],
                      "c": true
                    },
                    "ix": 2
                  },
                  "nm": "Path 1",
                  "mn": "ADBE Vector Shape - Group",
                  "hd": false
                },
                {
                  "ty": "fl",
                  "c": { "a": 0, "k": [0, 0, 0, 1], "ix": 4 },
                  "o": { "a": 0, "k": 100, "ix": 5 },
                  "r": 1,
                  "bm": 0,
                  "nm": "Fill 1",
                  "mn": "ADBE Vector Graphic - Fill",
                  "hd": false
                },
                {
                  "ty": "tr",
                  "p": { "a": 0, "k": [131.352, 272.351], "ix": 2 },
                  "a": { "a": 0, "k": [0, 0], "ix": 1 },
                  "s": {
                    "a": 1,
                    "k": [
                      {
                        "i": { "x": [0.833, 0.833], "y": [0.833, 0.833] },
                        "o": { "x": [0.167, 0.167], "y": [0.167, 0.167] },
                        "t": 13,
                        "s": [100, 100]
                      },
                      {
                        "i": { "x": [0.833, 0.833], "y": [0.833, 0.833] },
                        "o": { "x": [0.167, 0.167], "y": [0.167, 0.167] },
                        "t": 18,
                        "s": [150, 150]
                      },
                      {
                        "i": { "x": [0.833, 0.833], "y": [0.833, 0.833] },
                        "o": { "x": [0.167, 0.167], "y": [0.167, 0.167] },
                        "t": 23,
                        "s": [0, 0]
                      },
                      { "t": 48, "s": [100, 100] }
                    ],
                    "ix": 3
                  },
                  "r": { "a": 0, "k": 0, "ix": 6 },
                  "o": { "a": 0, "k": 100, "ix": 7 },
                  "sk": { "a": 0, "k": 0, "ix": 4 },
                  "sa": { "a": 0, "k": 0, "ix": 5 },
                  "nm": "Transform"
                }
              ],
              "nm": "Group 6",
              "np": 2,
              "cix": 2,
              "bm": 0,
              "ix": 6,
              "mn": "ADBE Vector Group",
              "hd": false
            }
          ],
          "ip": 0,
          "op": 60,
          "st": 0,
          "bm": 0
        }
      ]
    }
  ],
  "fonts": {
    "list": [
      {
        "fName": "SimplyRounded",
        "fFamily": "Simply Rounded",
        "fStyle": "Regular",
        "ascent": 69.96044921875
      }
    ]
  },
  "layers": [
    {
      "ddd": 0,
      "ind": 1,
      "ty": 5,
      "nm": "0",
      "sr": 1,
      "ks": {
        "o": { "a": 0, "k": 100, "ix": 11 },
        "r": { "a": 0, "k": 0, "ix": 10 },
        "p": {
          "a": 1,
          "k": [
            {
              "i": { "x": 0.418, "y": 0.926 },
              "o": { "x": 0.349, "y": 0 },
              "t": 8,
              "s": [526.022, 724.391, 0],
              "to": [0, -16.878, 0],
              "ti": [0, 9.929, 0]
            },
            {
              "i": { "x": 0.667, "y": 1 },
              "o": { "x": 0.316, "y": 0.028 },
              "t": 18,
              "s": [526.022, 560.4, 0],
              "to": [0, -0.66, 0],
              "ti": [0, -27.332, 0]
            },
            { "t": 25, "s": [526.022, 724.391, 0] }
          ],
          "ix": 2
        },
        "a": { "a": 0, "k": [-2.138, 0.169, 0], "ix": 1 },
        "s": {
          "a": 1,
          "k": [
            {
              "i": { "x": [0.303, 0.243, 0.667], "y": [1, 1, 1] },
              "o": { "x": [0.333, 0.333, 0.333], "y": [0, 0, 0] },
              "t": 0,
              "s": [893, 893, 100]
            },
            {
              "i": { "x": [0.351, 0.3, 0.667], "y": [1, 1, 1] },
              "o": { "x": [0.333, 0.333, 0.333], "y": [0, 0, 0] },
              "t": 10,
              "s": [893, 778, 100]
            },
            {
              "i": { "x": [0.303, 0.243, 0.667], "y": [1, 1, 1] },
              "o": { "x": [0.656, 0.819, 0.333], "y": [0, 0, 0] },
              "t": 20,
              "s": [893, 1044, 100]
            },
            {
              "i": { "x": [0.272, 0.208, 0.667], "y": [1, 1, 1] },
              "o": { "x": [0.333, 0.333, 0.333], "y": [0, 0, 0] },
              "t": 27,
              "s": [893, 684, 100]
            },
            { "t": 34, "s": [893, 893, 100] }
          ],
          "ix": 6
        }
      },
      "ao": 0,
      "t": {
        "d": {
          "k": [
            {
              "s": {
                "s": 51,
                "f": "SimplyRounded",
                "t": "0",
                "j": 2,
                "tr": -14,
                "lh": 61.2,
                "ls": 0,
                "fc": [0.7098, 0.4275, 1, 1]
              },
              "t": 0
            }
          ]
        },
        "p": {},
        "m": { "g": 1, "a": { "a": 0, "k": [0, 0], "ix": 2 } },
        "a": []
      },
      "ip": 0,
      "op": 60,
      "st": 0,
      "bm": 0
    },
    {
      "ddd": 0,
      "ind": 2,
      "ty": 0,
      "nm": "Pre-comp 1",
      "refId": "comp_0",
      "sr": 1,
      "ks": {
        "o": { "a": 0, "k": 100, "ix": 11 },
        "r": { "a": 0, "k": 0, "ix": 10 },
        "p": { "a": 0, "k": [540, 540, 0], "ix": 2 },
        "a": { "a": 0, "k": [540, 540, 0], "ix": 1 },
        "s": { "a": 0, "k": [100, 100, 100], "ix": 6 }
      },
      "ao": 0,
      "w": 1080,
      "h": 1080,
      "ip": 0,
      "op": 60,
      "st": 0,
      "bm": 0
    }
  ],
  "markers": [],
  "chars": [
    {
      "ch": "0",
      "size": 51,
      "style": "Regular",
      "w": 68.07,
      "data": {
        "shapes": [
          {
            "ty": "gr",
            "it": [
              {
                "ind": 0,
                "ty": "sh",
                "ix": 1,
                "ks": {
                  "a": 0,
                  "k": {
                    "i": [
                      [-3.972, 0],
                      [-2.8, 4.558],
                      [0, 6.445],
                      [2.799, 4.558],
                      [3.971, 0],
                      [2.832, -4.557],
                      [0, -6.445],
                      [-2.8, -4.557]
                    ],
                    "o": [
                      [3.971, 0],
                      [2.799, -4.557],
                      [0, -6.445],
                      [-2.8, -4.557],
                      [-3.972, 0],
                      [-2.8, 4.558],
                      [0, 6.445],
                      [2.832, 4.558]
                    ],
                    "v": [
                      [33.691, -11.621],
                      [43.848, -18.457],
                      [48.047, -34.961],
                      [43.848, -51.465],
                      [33.691, -58.301],
                      [23.486, -51.465],
                      [19.287, -34.961],
                      [23.486, -18.457]
                    ],
                    "c": true
                  },
                  "ix": 2
                },
                "nm": "0",
                "mn": "ADBE Vector Shape - Group",
                "hd": false
              },
              {
                "ind": 1,
                "ty": "sh",
                "ix": 2,
                "ks": {
                  "a": 0,
                  "k": {
                    "i": [
                      [-0.814, -0.098],
                      [-4.916, -6.087],
                      [0, -10.416],
                      [4.557, -6.087],
                      [8.723, -0.586],
                      [0.293, 0],
                      [0.163, 0],
                      [0.065, 0],
                      [0.13, 0],
                      [0.098, 0],
                      [0.553, 0.065],
                      [4.817, 6.445],
                      [0, 9.603],
                      [-5.209, 6.478],
                      [-8.008, 0.945],
                      [-0.423, 0]
                    ],
                    "o": [
                      [8.008, 0.945],
                      [5.208, 6.478],
                      [0, 9.603],
                      [-4.851, 6.445],
                      [-0.521, 0.065],
                      [-0.066, 0],
                      [-0.13, 0],
                      [-0.098, 0],
                      [-0.13, 0],
                      [-0.261, 0],
                      [-8.724, -0.586],
                      [-4.59, -6.087],
                      [0, -10.416],
                      [4.915, -6.087],
                      [0.846, -0.098],
                      [0.423, 0]
                    ],
                    "v": [
                      [35.547, -69.922],
                      [54.932, -59.375],
                      [62.744, -34.033],
                      [55.908, -10.498],
                      [35.547, 0.049],
                      [34.326, 0.146],
                      [33.984, 0.146],
                      [33.691, 0.146],
                      [33.35, 0.146],
                      [33.008, 0.146],
                      [31.787, 0.049],
                      [11.475, -10.498],
                      [4.59, -34.033],
                      [12.402, -59.375],
                      [31.787, -69.922],
                      [33.691, -70.068]
                    ],
                    "c": true
                  },
                  "ix": 2
                },
                "nm": "0",
                "mn": "ADBE Vector Shape - Group",
                "hd": false
              }
            ],
            "nm": "0",
            "np": 5,
            "cix": 2,
            "bm": 0,
            "ix": 1,
            "mn": "ADBE Vector Group",
            "hd": false
          }
        ]
      },
      "fFamily": "Simply Rounded"
    }
  ]
}
