{
  "v": "5.5.2",
  "fr": 60,
  "ip": 0,
  "op": 119,
  "w": 124,
  "h": 124,
  "nm": "warning",
  "ddd": 0,
  "assets": [],
  "layers": [
    {
      "ddd": 0,
      "ind": 1,
      "ty": 4,
      "nm": "! 3",
      "td": 1,
      "sr": 1,
      "ks": {
        "o": { "a": 0, "k": 100, "ix": 11 },
        "r": { "a": 0, "k": 0, "ix": 10 },
        "p": { "a": 0, "k": [61.38, 67.143, 0], "ix": 2 },
        "a": { "a": 0, "k": [2.906, 15.953, 0], "ix": 1 },
        "s": { "a": 0, "k": [100, 100, 100], "ix": 6 }
      },
      "ao": 0,
      "shapes": [
        {
          "ty": "gr",
          "it": [
            {
              "ind": 0,
              "ty": "sh",
              "ix": 1,
              "ks": {
                "a": 0,
                "k": {
                  "i": [
                    [0, -1.467],
                    [1.467, 0],
                    [0, 1.466],
                    [-1.467, 0]
                  ],
                  "o": [
                    [0, 1.466],
                    [-1.467, 0],
                    [0, -1.467],
                    [1.467, 0]
                  ],
                  "v": [
                    [2.656, 0.001],
                    [0.001, 2.656],
                    [-2.656, 0.001],
                    [0.001, -2.656]
                  ],
                  "c": true
                },
                "ix": 2
              },
              "nm": "Path 1",
              "mn": "ADBE Vector Shape - Group",
              "hd": false
            },
            {
              "ty": "fl",
              "c": { "a": 0, "k": [0.76, 0.76, 0.76, 1], "ix": 4 },
              "o": { "a": 0, "k": 100, "ix": 5 },
              "r": 1,
              "bm": 0,
              "nm": "Fill 1",
              "mn": "ADBE Vector Graphic - Fill",
              "hd": false
            },
            {
              "ty": "tr",
              "p": {
                "a": 1,
                "k": [
                  {
                    "i": { "x": 0.667, "y": 1 },
                    "o": { "x": 0.333, "y": 0 },
                    "t": 5,
                    "s": [2.772, 31.686],
                    "to": [0, 0.052],
                    "ti": [0, 0.164]
                  },
                  {
                    "i": { "x": 0.667, "y": 1 },
                    "o": { "x": 0.333, "y": 0 },
                    "t": 12,
                    "s": [2.772, 32],
                    "to": [0, -0.164],
                    "ti": [0, 0.017]
                  },
                  {
                    "i": { "x": 0.667, "y": 1 },
                    "o": { "x": 0.333, "y": 0 },
                    "t": 18,
                    "s": [2.772, 30.7],
                    "to": [0, -0.017],
                    "ti": [0, -0.133]
                  },
                  {
                    "i": { "x": 0.667, "y": 1 },
                    "o": { "x": 0.333, "y": 0 },
                    "t": 22,
                    "s": [2.772, 31.9],
                    "to": [0, 0.133],
                    "ti": [0, 0.036]
                  },
                  {
                    "i": { "x": 0.667, "y": 1 },
                    "o": { "x": 0.333, "y": 0 },
                    "t": 25,
                    "s": [2.772, 31.5],
                    "to": [0, -0.036],
                    "ti": [0, -0.031]
                  },
                  { "t": 28, "s": [2.772, 31.686] }
                ],
                "ix": 2
              },
              "a": { "a": 0, "k": [-0.134, 2.686], "ix": 1 },
              "s": {
                "a": 1,
                "k": [
                  {
                    "i": { "x": [0.667, 0.667], "y": [1, 1] },
                    "o": { "x": [0.333, 0.333], "y": [0, 0] },
                    "t": 6,
                    "s": [100, 100]
                  },
                  {
                    "i": { "x": [0.667, 0.667], "y": [1, 1] },
                    "o": { "x": [0.333, 0.333], "y": [0, 0] },
                    "t": 13,
                    "s": [110, 90]
                  },
                  {
                    "i": { "x": [0.667, 0.667], "y": [1, 1] },
                    "o": { "x": [0.333, 0.333], "y": [0, 0] },
                    "t": 19,
                    "s": [93, 107]
                  },
                  {
                    "i": { "x": [0.667, 0.667], "y": [1, 1] },
                    "o": { "x": [0.333, 0.333], "y": [0, 0] },
                    "t": 23,
                    "s": [105, 95]
                  },
                  {
                    "i": { "x": [0.667, 0.667], "y": [1, 1] },
                    "o": { "x": [0.333, 0.333], "y": [0, 0] },
                    "t": 26,
                    "s": [97, 103]
                  },
                  {
                    "i": { "x": [0.667, 0.667], "y": [1, 1] },
                    "o": { "x": [0.333, 0.333], "y": [0, 0] },
                    "t": 29,
                    "s": [102, 98]
                  },
                  { "t": 31, "s": [100, 100] }
                ],
                "ix": 3
              },
              "r": { "a": 0, "k": 0, "ix": 6 },
              "o": { "a": 0, "k": 100, "ix": 7 },
              "sk": { "a": 0, "k": 0, "ix": 4 },
              "sa": { "a": 0, "k": 0, "ix": 5 },
              "nm": "Transform"
            }
          ],
          "nm": "Group 1",
          "np": 2,
          "cix": 2,
          "bm": 0,
          "ix": 1,
          "mn": "ADBE Vector Group",
          "hd": false
        },
        {
          "ty": "gr",
          "it": [
            {
              "ind": 0,
              "ty": "sh",
              "ix": 1,
              "ks": {
                "a": 0,
                "k": {
                  "i": [
                    [0, 0],
                    [0, 0]
                  ],
                  "o": [
                    [0, 0],
                    [0, 0]
                  ],
                  "v": [
                    [2.906, 2],
                    [2.906, 19]
                  ],
                  "c": false
                },
                "ix": 2
              },
              "nm": "Path 1",
              "mn": "ADBE Vector Shape - Group",
              "hd": false
            },
            {
              "ty": "st",
              "c": { "a": 0, "k": [0.76, 0.76, 0.76, 1], "ix": 3 },
              "o": { "a": 0, "k": 100, "ix": 4 },
              "w": { "a": 0, "k": 4, "ix": 5 },
              "lc": 2,
              "lj": 2,
              "bm": 0,
              "nm": "Stroke 1",
              "mn": "ADBE Vector Graphic - Stroke",
              "hd": false
            },
            {
              "ty": "tr",
              "p": {
                "a": 1,
                "k": [
                  {
                    "i": { "x": 0.667, "y": 1 },
                    "o": { "x": 0.333, "y": 0 },
                    "t": 5,
                    "s": [3, 19.535],
                    "to": [0, 0.622],
                    "ti": [0, 0.625]
                  },
                  {
                    "i": { "x": 0.667, "y": 1 },
                    "o": { "x": 0.333, "y": 0 },
                    "t": 12,
                    "s": [3, 23.265],
                    "to": [0, -0.625],
                    "ti": [0, 0.455]
                  },
                  {
                    "i": { "x": 0.667, "y": 1 },
                    "o": { "x": 0.333, "y": 0 },
                    "t": 18,
                    "s": [3, 15.785],
                    "to": [0, -0.455],
                    "ti": [0, -0.562]
                  },
                  {
                    "i": { "x": 0.667, "y": 1 },
                    "o": { "x": 0.333, "y": 0 },
                    "t": 22,
                    "s": [3, 20.535],
                    "to": [0, 0.562],
                    "ti": [0, 0.062]
                  },
                  {
                    "i": { "x": 0.667, "y": 1 },
                    "o": { "x": 0.333, "y": 0 },
                    "t": 25,
                    "s": [3, 19.16],
                    "to": [0, -0.062],
                    "ti": [0, -0.062]
                  },
                  {
                    "i": { "x": 0.667, "y": 1 },
                    "o": { "x": 0.333, "y": 0 },
                    "t": 28,
                    "s": [3, 20.16],
                    "to": [0, 0.062],
                    "ti": [0, 0.104]
                  },
                  { "t": 30, "s": [3, 19.535] }
                ],
                "ix": 2
              },
              "a": { "a": 0, "k": [3, 19.535], "ix": 1 },
              "s": { "a": 0, "k": [100, 100], "ix": 3 },
              "r": { "a": 0, "k": 0, "ix": 6 },
              "o": { "a": 0, "k": 100, "ix": 7 },
              "sk": { "a": 0, "k": 0, "ix": 4 },
              "sa": { "a": 0, "k": 0, "ix": 5 },
              "nm": "Transform"
            }
          ],
          "nm": "Group 2",
          "np": 2,
          "cix": 2,
          "bm": 0,
          "ix": 2,
          "mn": "ADBE Vector Group",
          "hd": false
        }
      ],
      "ip": 0,
      "op": 120,
      "st": 0,
      "bm": 0
    },
    {
      "ddd": 0,
      "ind": 2,
      "ty": 4,
      "nm": "filling ",
      "parent": 5,
      "tt": 2,
      "sr": 1,
      "ks": {
        "o": {
          "a": 1,
          "k": [
            {
              "i": { "x": [0.667], "y": [1] },
              "o": { "x": [0.333], "y": [0] },
              "t": 90,
              "s": [100]
            },
            { "t": 101, "s": [0] }
          ],
          "ix": 11
        },
        "r": { "a": 0, "k": 0, "ix": 10 },
        "p": { "a": 0, "k": [41.84, 37.576, 0], "ix": 2 },
        "a": { "a": 0, "k": [32.09, 27.826, 0], "ix": 1 },
        "s": {
          "a": 1,
          "k": [
            {
              "i": { "x": [0.667, 0.667, 0.667], "y": [1, 1, 1] },
              "o": { "x": [0.333, 0.333, 0.333], "y": [0, 0, 0] },
              "t": 3,
              "s": [0, 0, 100]
            },
            { "t": 18, "s": [113, 113, 100] }
          ],
          "ix": 6
        }
      },
      "ao": 0,
      "shapes": [
        {
          "ty": "gr",
          "it": [
            {
              "ind": 0,
              "ty": "sh",
              "ix": 1,
              "ks": {
                "a": 0,
                "k": {
                  "i": [
                    [-1.778, 3.08],
                    [0, 0],
                    [-1.778, -3.08],
                    [0, 0],
                    [3.557, 0],
                    [0, 0]
                  ],
                  "o": [
                    [0, 0],
                    [1.778, -3.08],
                    [0, 0],
                    [1.778, 3.08],
                    [0, 0],
                    [-3.557, 0]
                  ],
                  "v": [
                    [-30.062, 20.645],
                    [-4.001, -24.495],
                    [4, -24.495],
                    [30.062, 20.645],
                    [26.061, 27.576],
                    [-26.062, 27.576]
                  ],
                  "c": true
                },
                "ix": 2
              },
              "nm": "Path 1",
              "mn": "ADBE Vector Shape - Group",
              "hd": false
            },
            {
              "ty": "fl",
              "c": { "a": 0, "k": [0.7804, 0.0157, 0.0157, 1], "ix": 4 },
              "o": { "a": 0, "k": 100, "ix": 5 },
              "r": 1,
              "bm": 0,
              "nm": "Fill 1",
              "mn": "ADBE Vector Graphic - Fill",
              "hd": false
            },
            {
              "ty": "tr",
              "p": { "a": 0, "k": [32.09, 27.826], "ix": 2 },
              "a": { "a": 0, "k": [0, 0], "ix": 1 },
              "s": { "a": 0, "k": [100, 100], "ix": 3 },
              "r": { "a": 0, "k": 0, "ix": 6 },
              "o": { "a": 0, "k": 100, "ix": 7 },
              "sk": { "a": 0, "k": 0, "ix": 4 },
              "sa": { "a": 0, "k": 0, "ix": 5 },
              "nm": "Transform"
            }
          ],
          "nm": "Group 1",
          "np": 2,
          "cix": 2,
          "bm": 0,
          "ix": 1,
          "mn": "ADBE Vector Group",
          "hd": false
        }
      ],
      "ip": 0,
      "op": 120,
      "st": 0,
      "bm": 0
    },
    {
      "ddd": 0,
      "ind": 3,
      "ty": 4,
      "nm": "filling 2",
      "parent": 5,
      "td": 1,
      "sr": 1,
      "ks": {
        "o": {
          "a": 1,
          "k": [
            {
              "i": { "x": [0.667], "y": [1] },
              "o": { "x": [0.333], "y": [0] },
              "t": 90,
              "s": [100]
            },
            { "t": 101, "s": [0] }
          ],
          "ix": 11
        },
        "r": { "a": 0, "k": 0, "ix": 10 },
        "p": { "a": 0, "k": [41.84, 37.576, 0], "ix": 2 },
        "a": { "a": 0, "k": [32.09, 27.826, 0], "ix": 1 },
        "s": {
          "a": 1,
          "k": [
            {
              "i": { "x": [0.667, 0.667, 0.667], "y": [1, 1, 1] },
              "o": { "x": [0.333, 0.333, 0.333], "y": [0, 0, 0] },
              "t": 3,
              "s": [0, 0, 100]
            },
            { "t": 18, "s": [113, 113, 100] }
          ],
          "ix": 6
        }
      },
      "ao": 0,
      "shapes": [
        {
          "ty": "gr",
          "it": [
            {
              "ind": 0,
              "ty": "sh",
              "ix": 1,
              "ks": {
                "a": 0,
                "k": {
                  "i": [
                    [-1.778, 3.08],
                    [0, 0],
                    [-1.778, -3.08],
                    [0, 0],
                    [3.557, 0],
                    [0, 0]
                  ],
                  "o": [
                    [0, 0],
                    [1.778, -3.08],
                    [0, 0],
                    [1.778, 3.08],
                    [0, 0],
                    [-3.557, 0]
                  ],
                  "v": [
                    [-30.062, 20.645],
                    [-4.001, -24.495],
                    [4, -24.495],
                    [30.062, 20.645],
                    [26.061, 27.576],
                    [-26.062, 27.576]
                  ],
                  "c": true
                },
                "ix": 2
              },
              "nm": "Path 1",
              "mn": "ADBE Vector Shape - Group",
              "hd": false
            },
            {
              "ty": "fl",
              "c": { "a": 0, "k": [0.8883, 0.0517, 0.0517, 1], "ix": 4 },
              "o": { "a": 0, "k": 100, "ix": 5 },
              "r": 1,
              "bm": 0,
              "nm": "Fill 1",
              "mn": "ADBE Vector Graphic - Fill",
              "hd": false
            },
            {
              "ty": "tr",
              "p": { "a": 0, "k": [32.09, 27.826], "ix": 2 },
              "a": { "a": 0, "k": [0, 0], "ix": 1 },
              "s": { "a": 0, "k": [100, 100], "ix": 3 },
              "r": { "a": 0, "k": 0, "ix": 6 },
              "o": { "a": 0, "k": 100, "ix": 7 },
              "sk": { "a": 0, "k": 0, "ix": 4 },
              "sa": { "a": 0, "k": 0, "ix": 5 },
              "nm": "Transform"
            }
          ],
          "nm": "Group 1",
          "np": 2,
          "cix": 2,
          "bm": 0,
          "ix": 1,
          "mn": "ADBE Vector Group",
          "hd": false
        }
      ],
      "ip": 0,
      "op": 120,
      "st": 0,
      "bm": 0
    },
    {
      "ddd": 0,
      "ind": 4,
      "ty": 4,
      "nm": "! 2",
      "parent": 5,
      "tt": 2,
      "sr": 1,
      "ks": {
        "o": { "a": 0, "k": 100, "ix": 11 },
        "r": { "a": 0, "k": 0, "ix": 10 },
        "p": { "a": 0, "k": [41.22, 43.103, 0], "ix": 2 },
        "a": { "a": 0, "k": [2.906, 15.953, 0], "ix": 1 },
        "s": { "a": 0, "k": [100, 100, 100], "ix": 6 }
      },
      "ao": 0,
      "shapes": [
        {
          "ty": "gr",
          "it": [
            {
              "ind": 0,
              "ty": "sh",
              "ix": 1,
              "ks": {
                "a": 0,
                "k": {
                  "i": [
                    [0, -1.467],
                    [1.467, 0],
                    [0, 1.466],
                    [-1.467, 0]
                  ],
                  "o": [
                    [0, 1.466],
                    [-1.467, 0],
                    [0, -1.467],
                    [1.467, 0]
                  ],
                  "v": [
                    [2.656, 0.001],
                    [0.001, 2.656],
                    [-2.656, 0.001],
                    [0.001, -2.656]
                  ],
                  "c": true
                },
                "ix": 2
              },
              "nm": "Path 1",
              "mn": "ADBE Vector Shape - Group",
              "hd": false
            },
            {
              "ty": "fl",
              "c": { "a": 0, "k": [0.76, 0.76, 0.76, 1], "ix": 4 },
              "o": { "a": 0, "k": 100, "ix": 5 },
              "r": 1,
              "bm": 0,
              "nm": "Fill 1",
              "mn": "ADBE Vector Graphic - Fill",
              "hd": false
            },
            {
              "ty": "tr",
              "p": {
                "a": 1,
                "k": [
                  {
                    "i": { "x": 0.667, "y": 1 },
                    "o": { "x": 0.333, "y": 0 },
                    "t": 5,
                    "s": [2.772, 31.686],
                    "to": [0, 0.052],
                    "ti": [0, 0.164]
                  },
                  {
                    "i": { "x": 0.667, "y": 1 },
                    "o": { "x": 0.333, "y": 0 },
                    "t": 12,
                    "s": [2.772, 32],
                    "to": [0, -0.164],
                    "ti": [0, 0.017]
                  },
                  {
                    "i": { "x": 0.667, "y": 1 },
                    "o": { "x": 0.333, "y": 0 },
                    "t": 18,
                    "s": [2.772, 30.7],
                    "to": [0, -0.017],
                    "ti": [0, -0.133]
                  },
                  {
                    "i": { "x": 0.667, "y": 1 },
                    "o": { "x": 0.333, "y": 0 },
                    "t": 22,
                    "s": [2.772, 31.9],
                    "to": [0, 0.133],
                    "ti": [0, 0.036]
                  },
                  {
                    "i": { "x": 0.667, "y": 1 },
                    "o": { "x": 0.333, "y": 0 },
                    "t": 25,
                    "s": [2.772, 31.5],
                    "to": [0, -0.036],
                    "ti": [0, -0.031]
                  },
                  { "t": 28, "s": [2.772, 31.686] }
                ],
                "ix": 2
              },
              "a": { "a": 0, "k": [-0.134, 2.686], "ix": 1 },
              "s": {
                "a": 1,
                "k": [
                  {
                    "i": { "x": [0.667, 0.667], "y": [1, 1] },
                    "o": { "x": [0.333, 0.333], "y": [0, 0] },
                    "t": 6,
                    "s": [100, 100]
                  },
                  {
                    "i": { "x": [0.667, 0.667], "y": [1, 1] },
                    "o": { "x": [0.333, 0.333], "y": [0, 0] },
                    "t": 13,
                    "s": [110, 90]
                  },
                  {
                    "i": { "x": [0.667, 0.667], "y": [1, 1] },
                    "o": { "x": [0.333, 0.333], "y": [0, 0] },
                    "t": 19,
                    "s": [93, 107]
                  },
                  {
                    "i": { "x": [0.667, 0.667], "y": [1, 1] },
                    "o": { "x": [0.333, 0.333], "y": [0, 0] },
                    "t": 23,
                    "s": [105, 95]
                  },
                  {
                    "i": { "x": [0.667, 0.667], "y": [1, 1] },
                    "o": { "x": [0.333, 0.333], "y": [0, 0] },
                    "t": 26,
                    "s": [97, 103]
                  },
                  {
                    "i": { "x": [0.667, 0.667], "y": [1, 1] },
                    "o": { "x": [0.333, 0.333], "y": [0, 0] },
                    "t": 29,
                    "s": [102, 98]
                  },
                  { "t": 31, "s": [100, 100] }
                ],
                "ix": 3
              },
              "r": { "a": 0, "k": 0, "ix": 6 },
              "o": { "a": 0, "k": 100, "ix": 7 },
              "sk": { "a": 0, "k": 0, "ix": 4 },
              "sa": { "a": 0, "k": 0, "ix": 5 },
              "nm": "Transform"
            }
          ],
          "nm": "Group 1",
          "np": 2,
          "cix": 2,
          "bm": 0,
          "ix": 1,
          "mn": "ADBE Vector Group",
          "hd": false
        },
        {
          "ty": "gr",
          "it": [
            {
              "ind": 0,
              "ty": "sh",
              "ix": 1,
              "ks": {
                "a": 0,
                "k": {
                  "i": [
                    [0, 0],
                    [0, 0]
                  ],
                  "o": [
                    [0, 0],
                    [0, 0]
                  ],
                  "v": [
                    [2.906, 2],
                    [2.906, 19]
                  ],
                  "c": false
                },
                "ix": 2
              },
              "nm": "Path 1",
              "mn": "ADBE Vector Shape - Group",
              "hd": false
            },
            {
              "ty": "st",
              "c": { "a": 0, "k": [0.76, 0.76, 0.76, 1], "ix": 3 },
              "o": { "a": 0, "k": 100, "ix": 4 },
              "w": { "a": 0, "k": 4, "ix": 5 },
              "lc": 2,
              "lj": 2,
              "bm": 0,
              "nm": "Stroke 1",
              "mn": "ADBE Vector Graphic - Stroke",
              "hd": false
            },
            {
              "ty": "tr",
              "p": {
                "a": 1,
                "k": [
                  {
                    "i": { "x": 0.667, "y": 1 },
                    "o": { "x": 0.333, "y": 0 },
                    "t": 5,
                    "s": [3, 19.535],
                    "to": [0, 0.622],
                    "ti": [0, 0.625]
                  },
                  {
                    "i": { "x": 0.667, "y": 1 },
                    "o": { "x": 0.333, "y": 0 },
                    "t": 12,
                    "s": [3, 23.265],
                    "to": [0, -0.625],
                    "ti": [0, 0.455]
                  },
                  {
                    "i": { "x": 0.667, "y": 1 },
                    "o": { "x": 0.333, "y": 0 },
                    "t": 18,
                    "s": [3, 15.785],
                    "to": [0, -0.455],
                    "ti": [0, -0.562]
                  },
                  {
                    "i": { "x": 0.667, "y": 1 },
                    "o": { "x": 0.333, "y": 0 },
                    "t": 22,
                    "s": [3, 20.535],
                    "to": [0, 0.562],
                    "ti": [0, 0.062]
                  },
                  {
                    "i": { "x": 0.667, "y": 1 },
                    "o": { "x": 0.333, "y": 0 },
                    "t": 25,
                    "s": [3, 19.16],
                    "to": [0, -0.062],
                    "ti": [0, -0.062]
                  },
                  {
                    "i": { "x": 0.667, "y": 1 },
                    "o": { "x": 0.333, "y": 0 },
                    "t": 28,
                    "s": [3, 20.16],
                    "to": [0, 0.062],
                    "ti": [0, 0.104]
                  },
                  { "t": 30, "s": [3, 19.535] }
                ],
                "ix": 2
              },
              "a": { "a": 0, "k": [3, 19.535], "ix": 1 },
              "s": { "a": 0, "k": [100, 100], "ix": 3 },
              "r": { "a": 0, "k": 0, "ix": 6 },
              "o": { "a": 0, "k": 100, "ix": 7 },
              "sk": { "a": 0, "k": 0, "ix": 4 },
              "sa": { "a": 0, "k": 0, "ix": 5 },
              "nm": "Transform"
            }
          ],
          "nm": "Group 2",
          "np": 2,
          "cix": 2,
          "bm": 0,
          "ix": 2,
          "mn": "ADBE Vector Group",
          "hd": false
        }
      ],
      "ip": 0,
      "op": 120,
      "st": 0,
      "bm": 0
    },
    {
      "ddd": 0,
      "ind": 5,
      "ty": 4,
      "nm": "outline ",
      "sr": 1,
      "ks": {
        "o": { "a": 0, "k": 100, "ix": 11 },
        "r": { "a": 0, "k": 0, "ix": 10 },
        "p": { "a": 0, "k": [62, 61.615, 0], "ix": 2 },
        "a": { "a": 0, "k": [41.84, 37.576, 0], "ix": 1 },
        "s": {
          "a": 1,
          "k": [
            {
              "i": { "x": [0.667, 0.667, 0.667], "y": [1, 1, 1] },
              "o": { "x": [0.333, 0.333, 0.333], "y": [0, 0, 0] },
              "t": 11,
              "s": [100, 100, 100]
            },
            {
              "i": { "x": [0.667, 0.667, 0.667], "y": [1, 1, 1] },
              "o": { "x": [0.333, 0.333, 0.333], "y": [0, 0, 0] },
              "t": 16,
              "s": [110, 110, 100]
            },
            {
              "i": { "x": [0.667, 0.667, 0.667], "y": [1, 1, 1] },
              "o": { "x": [0.333, 0.333, 0.333], "y": [0, 0, 0] },
              "t": 21,
              "s": [95, 95, 100]
            },
            {
              "i": { "x": [0.667, 0.667, 0.667], "y": [1, 1, 1] },
              "o": { "x": [0.167, 0.167, 0.167], "y": [0, 0, 0] },
              "t": 25,
              "s": [102, 102, 100]
            },
            { "t": 29, "s": [100, 100, 100] }
          ],
          "ix": 6
        }
      },
      "ao": 0,
      "shapes": [
        {
          "ty": "gr",
          "it": [
            {
              "ind": 0,
              "ty": "sh",
              "ix": 1,
              "ks": {
                "a": 0,
                "k": {
                  "i": [
                    [-1.778, 3.08],
                    [0, 0],
                    [-1.778, -3.08],
                    [0, 0],
                    [3.557, 0],
                    [0, 0]
                  ],
                  "o": [
                    [0, 0],
                    [1.778, -3.08],
                    [0, 0],
                    [1.778, 3.08],
                    [0, 0],
                    [-3.557, 0]
                  ],
                  "v": [
                    [-30.062, 20.645],
                    [-4.001, -24.495],
                    [4, -24.495],
                    [30.062, 20.645],
                    [26.061, 27.576],
                    [-26.062, 27.576]
                  ],
                  "c": true
                },
                "ix": 2
              },
              "nm": "Path 1",
              "mn": "ADBE Vector Shape - Group",
              "hd": false
            },
            {
              "ty": "st",
              "c": { "a": 0, "k": [0.76, 0.76, 0.76, 1], "ix": 3 },
              "o": { "a": 0, "k": 100, "ix": 4 },
              "w": { "a": 0, "k": 4, "ix": 5 },
              "lc": 1,
              "lj": 1,
              "ml": 10,
              "bm": 0,
              "nm": "Stroke 1",
              "mn": "ADBE Vector Graphic - Stroke",
              "hd": false
            },
            {
              "ty": "tr",
              "p": { "a": 0, "k": [41.84, 37.576], "ix": 2 },
              "a": { "a": 0, "k": [0, 0], "ix": 1 },
              "s": { "a": 0, "k": [100, 100], "ix": 3 },
              "r": { "a": 0, "k": 0, "ix": 6 },
              "o": { "a": 0, "k": 100, "ix": 7 },
              "sk": { "a": 0, "k": 0, "ix": 4 },
              "sa": { "a": 0, "k": 0, "ix": 5 },
              "nm": "Transform"
            }
          ],
          "nm": "Group 1",
          "np": 2,
          "cix": 2,
          "bm": 0,
          "ix": 1,
          "mn": "ADBE Vector Group",
          "hd": false
        }
      ],
      "ip": 0,
      "op": 120,
      "st": 0,
      "bm": 0
    }
  ],
  "markers": []
}
